NM_MUN,delta_other_crops,suit_soybean,suit_sugarcane,underused_soybean,underused_sugarcane,zone,opportunity
Santa Isabel,-0.04743847640173206,0.6121382403836982,0.5508266384817689,0.653898796921494,0.5273722284433838,2,0.40027645893654057
Itajá,-0.01992099041209404,0.5045319822084395,0.2786650817176948,0.6239109488028968,0.20921852373368663,2,0.31478302772107375
Aurilândia,-0.050285843046339,0.5975469486776895,0.5525672610724396,0.6587056880390061,0.6457049396073894,2,0.39360757396434615
Santa Fé de Goiás,-0.062569221881,0.46963192394060455,0.23912729550006545,0.5340780165206418,0.18848704406460978,3,0.250820086432971
Itapuranga,-0.04913107488729198,0.5432383048562609,0.47407469448417916,0.6146095255978805,0.5820827673114671,2,0.3338794368343033
Santa Cruz de Goiás,-0.010593772948140272,0.5194406111381388,0.28509901384459035,0.3317878309852293,0.3202480054641997,1,0.172344073695165
Itapirapuã,-0.053703335219905064,0.42990567266765106,0.17235661680638675,0.5116246152520196,0.08650388438443532,3,0.21995032437324766
Avelinópolis,-0.04746443493017578,0.7043250482466441,0.6573202424918679,0.726916713009687,0.7818417746287403,1,0.5119856489618397
Quirinópolis,-0.04006615846106627,0.7295397587231592,0.5163631303341256,0.6698790210464648,0.3825497731077113,2,0.48870337938794406
Rialma,-0.047470906678047244,0.6000272167520209,0.5461308909859338,0.607494052860541,0.5123678595993182,2,0.3645129657313155
Professor Jamil,-0.029049192668504437,0.5640795934582508,0.5512688208107627,0.6256042043664249,0.6998215263194724,2,0.3528905652647854
Araguapaz,-0.05098321654637601,0.41772844113934837,0.15805223189922574,0.5812614565224637,0.0612552639529021,3,0.2428094421275159
Itaberaí,-0.04978074060032479,0.6469869987691178,0.6333095015345416,0.5467979727453712,0.7488125734508195,1,0.3537711793195656
Rio Verde,-0.02939430516657219,0.6759371311087266,0.6173742705212699,0.21132649827756725,0.7340652816835552,1,0.14284342697299204
Rio Quente,-0.014516558309163034,0.4309939816800365,0.43827638684171455,0.4996817271606085,0.5530284229012467,1,0.2153598171617083
Iporá,-0.04499927049811357,0.5386376497834457,0.3696573718887264,0.6139044953731435,0.38908666840126876,3,0.33067207457928227
Israelândia,-0.036811139620655776,0.41837586633512897,0.3359066912019365,0.48395877437101004,0.3517643188831059,3,0.20247667149795853
Itaguaru,-0.04488768175748829,0.5668375920701819,0.6053421584558673,0.6416060366326566,0.7210234440451034,2,0.363686420862548
Aruanã,-0.05927691965124363,0.24204630823104414,0.08504574190756342,0.22801762813902976,0.02564617184089227,3,0.0551908251026512
Rianápolis,-0.03129607667712934,0.5920158763533486,0.45716162607422206,0.6849237069029921,0.5328112623854844,2,0.40548570857735894
Porteirão,-0.055598647821875166,0.8203982792180586,0.7037147794458114,0.3176561915372004,0.6067370591486037,2,0.26060459292008126
Porangatu,-0.06641298168956225,0.44624443730049956,0.20841792870401,0.5974789184122479,0.10813144920047288,3,0.2666216437457846
Portelândia,-0.016361772593238764,0.5368980308733691,0.5172656536208102,0.16135684911129936,0.6052699681499315,1,0.08663217455578795
Itaguari,-0.049452679394532184,0.7102325831502162,0.666472689016709,0.667879804056942,0.8209257980734459,1,0.47434999846922216
Arenópolis,-0.04125206189643882,0.48710742048679895,0.3438990029783012,0.5079867633446666,0.34699471433973167,3,0.24744412193425855
Hidrolina,-0.04957108967600435,0.42557327289758384,0.38518661567818935,0.40128890311483584,0.4378071511248199,3,0.1707778318760621
Iaciara,-0.039286624812247324,0.737228920539521,0.3819620916145356,0.7458326697193668,0.4396157610238428,3,0.549849414000318
Posse,-0.03446453580042762,0.5064770510150323,0.22352643593894658,0.5234110980008101,0.2067344422624265,3,0.26509570938399035
Aragarças,-0.02915216724999229,0.21967807913853765,0.08542783712766308,0.19914897053521305,0.0459082799206573,3,0.04374866330959284
Hidrolândia,-0.027888840771952386,0.5933707495718935,0.5406338015588014,0.590037967972711,0.6480360359036709,1,0.35011127133184444
Aporé,-0.01806767878184279,0.6046904483980243,0.4080452452615014,0.7029974466230824,0.37708775831599434,1,0.4250958412211779
Araçu,-0.0479265491970246,0.7048264099368461,0.6736749430055727,0.7260523396507258,0.8315679271807018,1,0.5117408639822687
Ipameri,-0.005177773996068477,0.4917148699090269,0.33532630296244753,0.3138988935997692,0.3861513009765923,1,0.15434875363099798
Ipiranga de Goiás,-0.06645824975902748,0.6103428708791169,0.5316814885826986,0.6143234488967807,0.49667395964551714,3,0.3749479374480216
Indiara,-0.03653759636302981,0.719636008462725,0.4194621287783357,0.4929555244250507,0.4560083296452218,2,0.3547485459468928
Inaciolândia,-0.05109089513741318,0.8808848766845954,0.7581622239334929,0.5332542757998142,0.5762429251516229,2,0.46973562697945254
Inhumas,-0.037991614252382844,0.5007253564099277,0.5795652090856385,0.5134772007421423,0.6537650471753395,2,0.25711105434998116
Pires do Rio,-0.007357048146152282,0.5046678440199699,0.33249051801529267,0.45393882516089534,0.3907590614981861,1,0.2290883282109071
Aragoiânia,-0.035570570749144846,0.6318715650314122,0.6350028897684453,0.7055438911416343,0.7334572788614104,1,0.44581312269401674
Guaraíta,-0.05087590538833801,0.551292317314813,0.5314307389754294,0.6504486367621093,0.7129180712096153,2,0.3585873362548443
Anápolis,-0.014708540605270702,0.42195504066389505,0.45666104322922707,0.3958325417885646,0.5379551549061443,1,0.1670235362664867
Guarani de Goiás,-0.03497260012891447,0.5066297638492422,0.2676862649007662,0.5037865891126916,0.2986813744307908,3,0.25523328067257817
Anhanguera,-0.009623280524040474,0.5286831160633582,0.4954924104437784,0.5948232700406855,0.6323108057506136,2,0.31447301991210597
Guapó,-0.039353335503581756,0.6907456383839945,0.5921010874256118,0.6999926467784722,0.7357551758509313,1,0.4835168676630977
Heitoraí,-0.04843954291424804,0.5518178652834714,0.5849844660811947,0.5421818659431813,0.6757574327222429,2,0.2991856398601756
Aparecida de Goiânia,-0.010856672026463666,0.25098465123957914,0.1941083622358486,0.28202106147570366,0.24214028869925308,1,0.0707829577566954
Planaltina,-0.0016032303700611037,0.2183157319894004,0.1654730996162649,0.11815726189470857,0.20067110315582384,2,0.025795589120406588
Pontalina,-0.034125374504808764,0.6366028045580632,0.4865430798734387,0.41016053953290255,0.5895084845403283,2,0.2611093497856941
Aparecida do Rio Doce,-0.02006686508452496,0.6317446465424379,0.43491631931079494,0.7594975290513782,0.46156860189164634,1,0.4798084980404179
Guarinos,-0.055393137520418155,0.352765455784435,0.29941551551222495,0.45004462538540096,0.2867300331230135,3,0.15876019739741629
Anicuns,-0.05378253532157301,0.6583876297891933,0.7228253937920024,0.6789714125775459,0.7355327934850125,1,0.4470263790215509
Goianira,-0.02823378951119442,0.5820948725850901,0.47050557883711697,0.5515640583716818,0.5923245000087484,1,0.3210626102803793
Alto Paraíso de Goiás,-0.009140821292276563,0.2158040320716227,0.17252755313761492,0.1707592960776397,0.20375963046417064,2,0.03685054460726667
Pilar de Goiás,-0.057292749994260456,0.35101172075688425,0.34522226483595664,0.4217043829568465,0.36463001386812516,3,0.14802318111240279
Goiânia,-0.013310890345792909,0.3261286544917028,0.2764959151555944,0.34159986923621755,0.33574210048940256,1,0.11140550572854925
Aloândia,-0.04315162834850418,0.8186073387757912,0.6464209177251174,0.6070186215290813,0.8298262976487049,2,0.4969098983572704
Pirenópolis,-0.011708897176246534,0.2900768631855681,0.34843729785348493,0.30651987078706816,0.39531673969279074,2,0.08891432262195838
Alto Horizonte,-0.06867615052827777,0.4626440224119057,0.2858742706590252,0.6303116100458761,0.26151958271177794,3,0.29160989864454867
Amorinópolis,-0.045087993971432865,0.5660228371116574,0.44396882272939425,0.5781805714521989,0.4947570268589306,2,0.32726340741621296
Piracanjuba,-0.023700945217107357,0.684352742671349,0.426654069669668,0.44303393294999405,0.5106711472841522,1,0.30319148711080296
Piranhas,-0.03970063576668641,0.521518171086906,0.37227793588267394,0.5562019425912269,0.3906827653626493,2,0.29006941985516094
Americano do Brasil,-0.06016022203861078,0.6358992391876086,0.7619274888904549,0.6686394152367737,0.7848597082126586,1,0.4251872954399119
Gouvelândia,-0.048472548342298805,0.8557354294482185,0.7166731353481031,0.6474783532603504,0.36885505667494395,2,0.5540701666856712
Goiatuba,-0.04960998253184976,0.803213530420946,0.6504733220104305,0.33171201766755437,0.6142610794996912,1,0.2664355807938116
Goiás,-0.03759507645255765,0.41750189391862697,0.3606576604911973,0.5024370971578941,0.391934943965094,3,0.20976843963839797
Amaralina,-0.07815887263347061,0.48096152754872107,0.27331149457977955,0.6334924966374199,0.19931381521978833,3,0.3046855188733865
Alvorada do Norte,-0.02392716062512588,0.45871139762824076,0.19598229668257627,0.49521074828337414,0.18078476458364728,3,0.22715881446559347
Acreúna,-0.052950015250108354,0.7716251761472587,0.6342220848754727,0.427228653481982,0.6413850006518202,2,0.3296603849981905
Divinópolis de Goiás,-0.034660182647424334,0.48722809676700185,0.36306591129040333,0.5123769314820855,0.44082127676615146,3,0.24964443715333304
Perolândia,-0.012426578549705037,0.6661287810050573,0.6844867921753406,0.16713877198055335,0.732454343541271,1,0.11133594643808824
Abadiânia,-0.007569926564642686,0.3827189565343032,0.35839808176142274,0.3040887647872145,0.4216909962780744,1,0.11638053475316791
Paraúna,-0.04580410021271149,0.6538005006271321,0.5261323383298595,0.3071904240126071,0.6134686792081159,1,0.20084125300730352
Água Fria de Goiás,-0.007144776434525329,0.32154727052907056,0.24593367626122173,0.14729532951870855,0.2901108779049255,2,0.04736241116842077
Adelândia,-0.062143889931742184,0.7563510176304882,0.749210090442278,0.812043084912167,0.8699642987545134,1,0.6141896136331184
Gameleira de Goiás,-0.0076382898990258845,0.5771404561631807,0.4650774603548377,0.2013083160389752,0.5709773574750778,1,0.11618317334817588
Petrolina de Goiás,-0.030504177696389887,0.5068010825612547,0.5424884196711726,0.5405973495262599,0.6385510213988465,2,0.2739753219696535
Abadia de Goiás,-0.03269015851083759,0.5302086622901796,0.6162542247812177,0.585743862184808,0.6967225922381293,1,0.3105664696136904
Goianésia,-0.03226348597305112,0.4884171937520055,0.4949913476656525,0.5068402350243559,0.4823802409794574,2,0.24754948527120285
Águas Lindas de Goiás,-0.0009626057212628183,0.19335231902361721,0.10272742339339132,0.20089553639567584,0.10576270014349325,1,0.03884361784359742
Goianápolis,-0.015375972651707466,0.4461020785735772,0.4728715673500095,0.39451744513224557,0.5659876195835677,1,0.17599505230703194
Água Limpa,-0.016082150921539914,0.36631736148892957,0.3837954157483175,0.3970722715568255,0.4452185655568306,2,0.14545446683711205
Goiandira,-0.007856411934801156,0.536450040017918,0.4034818996232632,0.5641160104653985,0.5134610287505756,1,0.30262005638891126
Alexânia,-0.0030171219327734373,0.3491558597380493,0.3332007979546759,0.290257470120628,0.39478307609272656,1,0.10134509652535903
Panamá,-0.043447911507306806,0.7753925320516312,0.6309986788786835,0.5068685698423836,0.6079853856339583,1,0.3930221037874749
Firminópolis,-0.04759010075206791,0.7978102260678749,0.5052842510840303,0.7283236099634375,0.6432309040108556,2,0.5810640239155008
Palminópolis,-0.04178034471486259,0.7788237540118145,0.47314562030615614,0.6588571689646189,0.5684463856275969,2,0.5131336136906208
Paranaiguara,-0.03591734464159205,0.7319286773040581,0.49758827869034866,0.7297063360624672,0.33552670787056643,3,0.534092993374592
Formoso,-0.04334438037491429,0.38712744898307316,0.33518048861303074,0.4665593286659266,0.3931899876999183,3,0.18061792270569535
Flores de Goiás,-0.018413134045906426,0.5645742800376783,0.30245945981834166,0.602364610860955,0.31326791411809757,3,0.34007956649699994
Formosa,-0.003790872158112259,0.3702313455707481,0.2341728413144494,0.3516897070120894,0.2740749444389699,2,0.13020655345046803
Ouvidor,-0.004264634572878446,0.4313087216520974,0.2670219463660449,0.42851083875134244,0.26638168985331373,1,0.18482046207590955
Orizona,-0.00425931536756659,0.5283868208605398,0.3285215254932202,0.38422209860490525,0.378889495147324,1,0.20301789318621072
Doverlândia,-0.021383699891471795,0.4126498884691425,0.23811435790612032,0.4311465722322014,0.18947902718273069,1,0.177912584945471
Ouro Verde de Goiás,-0.026600120090963603,0.39865363672047316,0.6013977134934383,0.44432474442116404,0.6642955610080037,2,0.17713167524839182
Edealina,-0.03786005073955896,0.7478881543112001,0.4524258137337208,0.36106778191351074,0.5490481327710397,2,0.27003831699653447
Palmeiras de Goiás,-0.039773165302763654,0.7549287517035602,0.4786528483827915,0.48541844338671386,0.6018441746664623,1,0.3664563395198172
Palmelo,-0.008872433424730914,0.6400895910450958,0.36960052067955745,0.5751075481373327,0.4477682048953486,1,0.368120355294173
Padre Bernardo,-0.005161887698710595,0.39743477460026244,0.16929017785285047,0.27050730684516416,0.16279191349225455,2,0.10750901052373185
Faina,-0.04049328396712781,0.37968425690504254,0.24695187871733498,0.4999945187663584,0.21057164930079333,3,0.18984004731439913
Estrela do Norte,-0.05748828855514576,0.4838939905612176,0.3292024556787693,0.581688076422809,0.34536916602155787,3,0.28147536456211153
Palestina de Goiás,-0.037727966647178,0.49966126267246186,0.3941848569743957,0.49794353090086757,0.4290555789393905,2,0.2488030933895115
Fazenda Nova,-0.044197801304910134,0.478493767897731,0.3213576557416273,0.6127838084765885,0.3097826166530254,3,0.2932132334246844
Edéia,-0.04408288019550788,0.7676772809226784,0.5281329821165642,0.46911786505241165,0.42886611442430866,2,0.36013112707568734
Nova Veneza,-0.029000807828108918,0.5021561913108661,0.5776555486455089,0.5640256010753671,0.6750851587083373,2,0.2832289476378283
Nova Crixás,-0.09588923719415483,0.34016968746954324,0.12335164901623372,0.380812369339386,0.03538135621391809,3,0.12954082466271521
Nova Aurora,-0.009070092591997496,0.4305753519178852,0.36483978918507715,0.4761019054665915,0.3916166409089641,1,0.20499774549505334
Nova Roma,-0.014526741603404286,0.25777197858111506,0.1954230019941629,0.2676121265702042,0.22509512485466088,3,0.06898290735830133
Nova Iguaçu de Goiás,-0.0525570408151734,0.40683877564831633,0.297767741043235,0.5116082843648538,0.2941376692261597,3,0.20814208802253278
Nova Glória,-0.05843050363840322,0.7224717686803572,0.5146955930193743,0.7402733350054577,0.43494292445321,3,0.5348265856482997
Novo Gama,-0.0013134275001050399,0.3313557283683905,0.18332113904020567,0.34813466920802366,0.1823451923228967,1,0.11535641688571337
Damolândia,-0.0321608281695939,0.4203321386410349,0.6164360966062191,0.47018204303330596,0.6803746005976397,2,0.1976326236988006
Novo Brasil,-0.05266239363957387,0.5241405993992412,0.33813005813098423,0.6977973396721182,0.25851834276169855,3,0.36574391587493993
Cumari,-0.008656284395187971,0.5231243270094676,0.44521280151585163,0.566690490685849,0.5628533320306076,1,0.29644958156269974
Novo Planalto,-0.09796245921023006,0.30290362072335447,0.08362816418178774,0.28889371615165566,0.008900060914258361,3,0.08750695262656152
Damianópolis,-0.030064563159618397,0.4338319758152455,0.21859719677333003,0.46946327370962737,0.2318994355361503,3,0.20366817960614106
Diorama,-0.04829532138692188,0.5090864134467901,0.3099223933605998,0.598392341792764,0.2675501151448409,3,0.30463341111730396
Davinópolis,-0.002329411464358745,0.35793884763999,0.30305036991297146,0.36443813217457477,0.33853903410739783,1,0.13044656506663765
Nazário,-0.043592104571610224,0.6963733944378919,0.629304021901344,0.6418181471125967,0.7690418037065713,1,0.4469450817166372
Nerópolis,-0.022561495720743577,0.4784747430285467,0.5587918402717532,0.4927277468825846,0.6472190894928638,1,0.23575778207267947
Cristianópolis,-0.013623660266401383,0.5494049349966014,0.45192921745321624,0.411193142576012,0.5630715439821455,1,0.22591154176802214
Nova América,-0.06811030617499418,0.463283142229004,0.46579931354480625,0.5467037111252704,0.5482606140704399,3,0.25327861315837297
Cristalina,-0.0020631184130747043,0.595136009652191,0.32121604058334996,0.21070162736539744,0.36460040072239897,1,0.12539612573746553
Cromínia,-0.02879992453161305,0.6357037093975754,0.49987356816753203,0.6798353972418326,0.6304552071939764,1,0.4321738838064072
Niquelândia,-0.015702657593679423,0.22389546180694592,0.1682860176294979,0.18261561695832762,0.17831716641145304,3,0.04088680789204511
Crixás,-0.05784082450762774,0.38448091988175376,0.18411041815692836,0.5278115458052091,0.09457405095112341,3,0.2029334686553972
Mossâmedes,-0.05664913624315006,0.5821822699798176,0.660947282330932,0.624682770712292,0.7248385534857037,2,0.363679233470564
Vila Boa,-0.008799086026210013,0.46419987893352105,0.25403777142112355,0.49454191329820535,0.27503823973234637,3,0.22956629628057879
Mozarlândia,-0.07599343045454722,0.48149382771615556,0.1772871361157218,0.6444360525781451,0.04514393330869994,3,0.31029198167414074
Vianópolis,-0.005741154983203377,0.5687450691348315,0.5018726952110992,0.2185037030588444,0.6561437323839989,1,0.12427290370241914
Morrinhos,-0.029002927413515855,0.6174814129300774,0.48403961053553396,0.5108237058153183,0.5578675125794328,1,0.31542414362502097
Montividiu do Norte,-0.04762353182922329,0.4051682929891484,0.258992386435364,0.5125714219795569,0.24368260999583816,3,0.20767768807847753
Vicentinópolis,-0.04987473907959989,0.827899322089424,0.6527038158539584,0.36227739235934303,0.6089678806714127,2,0.29992920754262437
Córrego do Ouro,-0.046656500747515865,0.44303512607812867,0.48012974032771427,0.5029570501092259,0.5666465756554057,3,0.22282764010702455
Morro Agudo de Goiás,-0.06524974899323834,0.5196341639154373,0.4671820123937871,0.6213364029198838,0.5844413941075938,2,0.32286762224149906
Corumbá de Goiás,-0.007788362731915338,0.37261855653662523,0.42402219981966177,0.3470502656565702,0.5200096402301332,1,0.1293173690346035
Mundo Novo,-0.10670018552842607,0.4035796375588612,0.18204304995913492,0.5229076771097407,0.09005113956587639,3,0.2110348908046952
Vila Propício,-0.015300227456977112,0.4815426477942005,0.3271254436331738,0.4026707262959193,0.28575430895609005,2,0.19390312772975077
Mutunópolis,-0.07179241178132909,0.526861271696777,0.3046764887117383,0.7100802230568108,0.2301975064868055,3,0.3741137693264424
Uruaçu,-0.04084232114673396,0.3934119589164735,0.29714804686567525,0.3377370016626437,0.30152747142380054,3,0.13286977542267692
Uirapuru,-0.07824161328317514,0.4405412145184945,0.19661149693317104,0.6206661363457198,0.0906142406530933,3,0.2734290135162449
Moiporá,-0.03713871772373275,0.3804001233185171,0.3758865208913595,0.42467725697659886,0.4319572759319637,3,0.16154728092446777
Uruana,-0.04168629488695188,0.6670653962994618,0.5504651909269708,0.7398509888688047,0.6755963877340159,2,0.49352899309231796
Monte Alegre de Goiás,-0.019792339627105204,0.30784670166099704,0.20724470408787063,0.3344652680360663,0.244346775209961,3,0.10296402958506432
Turvânia,-0.05038895235780368,0.7875836636016479,0.5546770798580393,0.5770797876332437,0.6502059027887059,1,0.454498613334651
Corumbaíba,-0.011843671685023281,0.47331550820869955,0.38054643285984713,0.4688386830456069,0.4476149352543288,2,0.22190861953362884
Trombas,-0.04097503456386933,0.3811249724243206,0.2615715438937003,0.46745316944940174,0.2684880736338488,3,0.1781580763160645
Turvelândia,-0.05727562536578384,0.8264794414541269,0.7312108850325205,0.3172055049305248,0.6807024484996935,2,0.26216382854115444
Caturaí,-0.040493155920897785,0.6749570981337227,0.6202892336317118,0.7047209674238772,0.7375398809299909,1,0.47565641916640994
Cavalcante,-0.004746930064036143,0.07788003872847242,0.06956831989953924,0.08736379828855075,0.08240453314867353,3,0.006803895994178784
Valparaíso de Goiás,-0.00030404999934492835,0.07965395974349898,0.05812696646804764,0.08767509557577276,0.0835290451543273,1,0.006983668533500029
Catalão,-0.0038773034981923952,0.5003497537479319,0.3649752120754072,0.2759982424459031,0.4345141355873429,1,0.13809565264266963
Montividiu,-0.031395480996497055,0.7349904247305978,0.7046409795278309,0.08342131513718999,0.8364641410816079,1,0.06131386784426832
Varjão,-0.027615194955764727,0.47204049822569644,0.46324450685249596,0.4714916406021468,0.5589239666074122,2,0.22256314893908838
Montes Claros de Goiás,-0.054222120759711286,0.43968707566214416,0.18169563455252555,0.4584612313771381,0.10105170357721582,3,0.20157947812867952
Cidade Ocidental,-0.0015026684803083263,0.37380655466697216,0.24121390597552733,0.33697527452579457,0.2870940621776396,1,0.12596356637844439
Chapadão do Céu,-0.023062447982446818,0.660087539461367,0.5916442428811889,0.20756215729603184,0.6045942121331148,1,0.1370091936948309
Urutaí,-0.007077944246086954,0.527973289740504,0.4278160851884204,0.5039686401911657,0.5576978940942681,1,0.2660819808877781
Cezarina,-0.031835680350904,0.658162341296438,0.45023773278190815,0.5309910266339875,0.5617674703467639,2,0.34947829729682445
Colinas do Sul,-0.005825359598611322,0.10198569784214498,0.08800756258973848,0.1240106914552103,0.10649805990564715,3,0.012647316907946548
Cocalzinho de Goiás,-0.004785444320040658,0.3111268283536996,0.2784207691924017,0.2683979439471564,0.32977631773411314,2,0.08350580103693281
Marzagão,-0.013679290447360642,0.4546940792294196,0.3354175064326009,0.39226020100109027,0.3786811905100452,2,0.1783583909125378
Teresina de Goiás,-0.004345664589561763,0.09277476604723092,0.07279743316031594,0.11013296766296163,0.08336633072158879,3,0.010217560309018513
Matrinchã,-0.05485547569884066,0.4249877364842413,0.1619703391326883,0.5205935881282377,0.049468470484604926,3,0.22124589064682917
Ceres,-0.05957505250105511,0.42944182191679825,0.5403674796604958,0.4644013856267178,0.6128273167672097,2,0.1994333771442233
Campinorte,-0.04364669971330311,0.3960060133234842,0.2786484561768717,0.3348591190452559,0.2817368201711002,3,0.13260622475812578
Campo Alegre de Goiás,-0.0034927258917816406,0.4726073088228223,0.38821440911687777,0.24108436183035128,0.4506034951665559,1,0.11393823144390987
Taquaral de Goiás,-0.04177229056790806,0.511726500837558,0.5804219008807543,0.5340170577976148,0.6505418419550738,2,0.2732706803743414
Mara Rosa,-0.07294160823834617,0.5050650333657017,0.32798470430536525,0.6590083682451668,0.31288939496254725,3,0.33284208349602185
Campestre de Goiás,-0.028577770237416065,0.534338156670642,0.4458058771332357,0.5553663610909587,0.5824176483032877,2,0.296753437662225
Caldazinha,-0.01631214557768753,0.49089632747015455,0.46839157868569814,0.5335739770707965,0.6055156286972296,2,0.2619295057776984
Trindade,-0.0343751677576999,0.6219334605147898,0.5128414349203868,0.5908955130019179,0.6330826363340982,1,0.36749769120394477
Campinaçu,-0.01896844698289142,0.16975138880721494,0.17764094859490714,0.16051203578864787,0.18473147900491976,4,0.027247140995396362
Mimoso de Goiás,-0.010311113331370666,0.3433990709511888,0.21897677043513417,0.25912545228027645,0.2500527482790767,2,0.08898343957285354
Terezópolis de Goiás,-0.018555083882718003,0.5553017928117218,0.5117819192858024,0.5226747218358833,0.6276121349095968,1,0.29024221009283396
Maurilândia,-0.05636220880807285,0.8684879142095614,0.7569241841047409,0.34490413795523245,0.673628377948429,2,0.29954507537498665
Três Ranchos,-0.00465410460750863,0.4432755178367324,0.36077944291809727,0.4129623668249984,0.38910901600326026,1,0.1830561070014338
Campos Verdes,-0.07968026801292012,0.5268027580481001,0.2577044870956013,0.7601910999495171,0.11892997248753516,3,0.4004707680970245
Mineiros,-0.016052948346179576,0.4717937307908215,0.38672598271920355,0.419112802411536,0.3892657580955386,1,0.19773479267193497
Castelândia,-0.05036978718091761,0.8266433192773801,0.6644855872528926,0.533311651315902,0.6379178122171703,2,0.440858513653078
Minaçu,-0.017268167959538155,0.18212196233409877,0.17135662554822353,0.20948687501600108,0.19927436129675621,3,0.03815216076115221
Silvânia,-0.006301639853774724,0.5527944735162705,0.42447116195448187,0.2596503366321256,0.5258961343303045,1,0.14353327113687828
Carmo do Rio Verde,-0.0542208893824143,0.6677240211208014,0.5875106473416893,0.7427794427111617,0.6534825938810859,2,0.49597167629296485
Campo Limpo de Goiás,-0.0216430194014596,0.5017526608834512,0.5173354863219194,0.4794220139389566,0.6122025955299202,1,0.2405512711799745
Campos Belos,-0.03176694669194226,0.40742112057257795,0.2434407657247169,0.42944610822946705,0.28744194883871826,3,0.17496541464038207
Senador Canedo,-0.014069005636494197,0.4381413698510143,0.33141079503058646,0.4484385900894853,0.4176178312879433,1,0.19647949815586457
Lagoa Santa,-0.019950333620464014,0.48865894993681624,0.1944242015006603,0.6085200240000677,0.1062793383179372,3,0.2973587559433993
Cachoeira de Goiás,-0.03420886265066982,0.4527989234568247,0.3284251501166256,0.5625778235369173,0.3539650954562053,2,0.25473463285819964
Serranópolis,-0.010264742460937474,0.4284352285797791,0.23074733325079258,0.43352979187908725,0.17257996656296018,1,0.1857394354798608
Leopoldo de Bulhões,-0.013272555533590783,0.4739087470855524,0.528186674905436,0.326982747799344,0.6422909376912336,1,0.15495998432817829
Cachoeira Dourada,-0.05131270261755294,0.8368372983646065,0.7766397659803074,0.6334058924909713,0.5447194324919845,2,0.5300576758403669
Cachoeira Alta,-0.0281434474617555,0.6371865043011273,0.47288491107641756,0.7304203390114281,0.49840874749382963,2,0.4654139824851362
Mambaí,-0.012456303979915982,0.23015501012764797,0.03394003054372906,0.2582921436362055,0.010057494984046901,3,0.05944723093448278
Sítio d'Abadia,-0.024419544165314278,0.421065186762024,0.15970011458437208,0.42307946171319377,0.14068758586261712,3,0.1781440325614425
Simolândia,-0.03818167317400061,0.6400185594105952,0.25204665073617666,0.7045680062371539,0.23522288010380718,3,0.4509366003586984
Luziânia,-0.001539876888069263,0.3998999511150619,0.25113584288768537,0.2938231110484094,0.2762383516186774,1,0.11749984774473432
Mairipotaba,-0.028987210413397,0.5825655868572057,0.4673485085711667,0.5075391387701005,0.5844139789475365,2,0.29567483623060437
Caldas Novas,-0.011943709510278875,0.5084937238092483,0.27877313130876546,0.34308006297980853,0.3162820729563642,1,0.17445405878931428
Jataí,-0.0131579224790637,0.6175925803482577,0.5283496005843102,0.3378810060429382,0.5983976163120139,1,0.20867280237272345
São João da Paraúna,-0.04856880644152253,0.8124410608719596,0.5356217203447161,0.4271952825290487,0.6643863820949645,2,0.3470709885373968
São Luiz do Norte,-0.045533484974830875,0.6011119701687181,0.4393280440531926,0.6201831990045666,0.3056711850710758,3,0.3727995446191732
Caçu,-0.023899347985580813,0.5747119311221851,0.36280852349310244,0.719757713407973,0.25172012540826905,2,0.4136533454127844
Caiapônia,-0.021134922265132097,0.433110059881747,0.36731026579241144,0.3982063759664409,0.4219758226781342,1,0.17246718734011868
São Luís de Montes Belos,-0.05151086753076006,0.6997588956103034,0.5748817735310479,0.7979264757384927,0.7362366354551406,2,0.5583561494409892
São João d'Aliança,-0.008024831409637594,0.3047079982183673,0.21076017346349943,0.2090368573611324,0.26028959532166357,2,0.06369520236036903
Jaraguá,-0.028698131245556775,0.5225689539486209,0.478960471429766,0.5715362332224471,0.6053175176629855,2,0.2986670915387892
Bonópolis,-0.08400112397886121,0.36640157262556383,0.13051197846212792,0.4039654151958901,0.03842793075207605,3,0.14801356341411295
Bonfinópolis,-0.014682908267524839,0.4535184262030281,0.4530016267249177,0.46826814077985546,0.5793214961839677,1,0.21236823024749807
Joviânia,-0.04569878272045814,0.7531677274951656,0.5758535615926732,0.24415675381167248,0.725482043417602,1,0.18389098742093396
São Simão,-0.0332478955456163,0.6465752727905639,0.40034092050892023,0.6864709602643942,0.2924798530588302,3,0.4438551483957511
Jussara,-0.05844445328941334,0.35946629479792763,0.12043224772671574,0.40289299640617715,0.04312702688928779,3,0.14482645261816326
São Miguel do Araguaia,-0.14495445724687853,0.3035509089906156,0.11265688783899853,0.33154507467454886,0.04932925402224698,3,0.10064080878882083
Brazabrantes,-0.03472274210779246,0.6278910446105858,0.5828233285376171,0.6655511223804906,0.7136400924752032,1,0.4178935894732341
Jaupaci,-0.04154885560060906,0.46446204862018475,0.285178021930738,0.5810962122144202,0.24746738917808425,3,0.26989713717053926
Buritinópolis,-0.03931591312906365,0.5472945110555837,0.27811512547354367,0.5879500654762705,0.28452746839787335,3,0.3217818436099339
Buriti de Goiás,-0.03982607531817068,0.4718194673328824,0.39421360335458294,0.5689701942378529,0.4897894400265958,3,0.2684512139735904
São Patrício,-0.06916059150131104,0.6453256208670229,0.6114842449637574,0.7231556981732916,0.688933781474246,2,0.46667089990720484
São Miguel do Passa Quatro,-0.011366676554619913,0.4607891605050526,0.5236004176880569,0.29313902339642883,0.6276632167453463,1,0.1350752845021114
Jesúpolis,-0.03823796742600561,0.6666197674182285,0.5860892218212952,0.749961347546586,0.7628265115143622,1,0.4999390590741664
Cabeceiras,-0.0074948694820386385,0.6138949043809202,0.2824734844014948,0.29190060203730483,0.29936259049769964,1,0.1791962921764243
Britânia,-0.06036864588280898,0.24263116799318654,0.06343791041996724,0.16973493922628938,0.020363679872236057,3,0.041182986553727124
Buriti Alegre,-0.024673031097977055,0.5342847481263922,0.4325571292678246,0.377353322186143,0.4919804559280452,2,0.2016141246988807
Santa Tereza de Goiás,-0.05008427915682302,0.4418511455246227,0.2320332435203134,0.5757007787246771,0.16575561008397918,3,0.2543740485589159
Santa Rita do Novo Destino,-0.030436218718003196,0.4378029558018584,0.3362647003488378,0.40239642574952705,0.3722820274661361,3,0.17617034459724598
Barro Alto,-0.023532215526528174,0.35619007114486856,0.30522557366183567,0.31977695833212566,0.30205422448302244,3,0.11390137753880951
Santa Rita do Araguaia,-0.015428648934593699,0.36926735821213824,0.27091143239917315,0.400125570784093,0.26459889094016065,1,0.14775331247656595
Santa Rosa de Goiás,-0.04010344719516971,0.6053175159504922,0.6198254314753646,0.594245616998515,0.734774744339576,1,0.35970728074600866
Itauçu,-0.043497997590922266,0.46856989754629735,0.6391213495559129,0.511969221391353,0.7095332941210244,2,0.2398933656142039
São Domingos,-0.03239647828322102,0.4994349448622304,0.2675939502994191,0.4952546770788854,0.29995573551865806,3,0.24734749233965483
São Francisco de Goiás,-0.027981802001631684,0.5994420942814137,0.5402532334050228,0.6312728478421527,0.6944738076973874,1,0.3784115179734922
Itarumã,-0.02039257509124188,0.5433689232870919,0.30347280350884703,0.6712726582467714,0.2005540848431662,2,0.36474870154361216
Santo Antônio da Barra,-0.044941204714374496,0.7603028218623944,0.6244664761036014,0.40394480656029735,0.6860471896788124,2,0.3071203763044531
Santa Terezinha de Goiás,-0.07854265850347673,0.5302625640512976,0.30431911907222103,0.7331059289163919,0.22346445770698473,3,0.38873862958841426
Baliza,-0.02388453274139763,0.31395883574971967,0.20237059871206892,0.35262203652799395,0.21472291204064828,2,0.1107088040480241
Ivolândia,-0.03563082562986635,0.43870543773181314,0.3583381080102076,0.5118643245835618,0.3878480515002109,2,0.22455766257573037
Santo Antônio do Descoberto,-0.0011371624891158038,0.2527841054993331,0.13402075312953457,0.26181435027051764,0.12572919084574238,1,0.06618250634002189
Bom Jardim de Goiás,-0.0332898896963075,0.3547129441681317,0.19449397184122297,0.3719653887304072,0.15666007158150308,3,0.13194093816520633
Jandaia,-0.04013584309980174,0.6946050781164927,0.47959825052536287,0.5837598246897122,0.5088466415644884,2,0.40548253862986766
Santo Antônio de Goiás,-0.026111677669445374,0.6210399372754657,0.5014718390831446,0.6461824533919307,0.6488390873517884,1,0.4013051103230312
Bom Jesus de Goiás,-0.05519741839389422,0.8545519341827532,0.7397004793059602,0.3470917012625891,0.715644425316226,1,0.29660788465272786
Itumbiara,-0.04379400087217952,0.7896994525697041,0.7089270000728489,0.49791378715405327,0.6041003624134715,2,0.39320224514246405
Bela Vista de Goiás,-0.018116550339621156,0.624320777268205,0.48680725176282613,0.49711068138284664,0.6175755199840115,1,0.3103565269892658
Santa Bárbara de Goiás,-0.03890323515475565,0.6874281567768721,0.5911550300194213,0.6367478275603724,0.75548238874501,1,0.4377183854315044
Rubiataba,-0.06328525571034314,0.4772533349640391,0.48249303073824157,0.5518595582343799,0.5574108715047534,3,0.26337681459913914
Sanclerlândia,-0.054600096543020026,0.6974686629014974,0.5798268565633344,0.8117076636977949,0.7176922589013306,2,0.5661406588661994
Itapaci,-0.05193531259182705,0.4382736952767716,0.41015683004065384,0.47363601595745086,0.41491671089815174,3,0.20758220692983997
Santa Helena de Goiás,-0.058527974364618006,0.861299199743368,0.7858757530738949,0.2825287050582967,0.7326820983172904,1,0.243341747571241
Brasília,-0.0013805909175784422,0.33940552001603647,0.17106549522591627,0.179192659699141,0.18713088301038103,1,0.06081897784824361
