half,segment,factor,w_lit,d,w_final,w_atual,delta
calib,soybean,terr_slope,0.2133,0.3186,0.42,0.42,0.0
calib,soybean,soil_clay,0.0971,0.2994,0.1853,0.1853,0.0
calib,soybean,soil_ph,0.2706,0.1224,0.3302,0.3302,0.0
calib,soybean,clim_pr_annual,0.2515,0.0,0.0,0.0,0.0
calib,soybean,clim_twarm_q,0.0838,0.0487,0.0645,0.0645,0.0
calib,soybean,clim_aridity,0.0838,0.0,0.0,0.0,0.0
calib,sugarcane,terr_slope,0.2169,0.2478,0.2887,0.2887,0.0
calib,sugarcane,soil_awc,0.2169,0.2745,0.3039,0.3039,0.0
calib,sugarcane,soil_clay,0.1332,0.3534,0.2118,0.2118,0.0
calib,sugarcane,clim_pr_annual,0.2598,0.044,0.1457,0.1457,0.0
calib,sugarcane,clim_dry_months,0.0866,0.0465,0.0499,0.0499,0.0
calib,sugarcane,clim_twarm_q,0.0866,0.0,0.0,0.0,0.0
calib,other_crops,terr_slope,0.0738,0.3186,0.1119,0.1119,0.0
calib,other_crops,soil_soc,0.3999,0.2003,0.4808,0.4808,0.0
calib,other_crops,clim_gdd,0.1638,0.265,0.2265,0.2265,0.0
calib,other_crops,soil_ph,0.1527,0.1224,0.1435,0.1435,0.0
calib,other_crops,clim_pr_cv,0.0571,0.0592,0.0373,0.0373,0.0
calib,other_crops,clim_pr_annual,0.1527,0.0,0.0,0.0,0.0
calib,pisciculture,terr_slope,0.0974,0.3913,0.1127,0.1127,0.0
calib,pisciculture,soil_clay,0.1517,0.2357,0.1362,0.1362,0.0
calib,pisciculture,sit_water_dist_seas,0.4423,0.3638,0.4936,0.4936,0.0
calib,pisciculture,water_drain_density,0.0486,0.362,0.0541,0.0541,0.0
calib,pisciculture,clim_twarm_q,0.26,0.1788,0.2034,0.2034,0.0
calib,cattle,clim_soil_moist,0.3423,0.3154,0.6542,0.6542,0.0
calib,cattle,terr_slope,0.1179,0.1411,0.1507,0.1507,0.0
calib,cattle,soil_soc,0.0569,0.2796,0.1024,0.1024,0.0
calib,cattle,clim_pr_annual,0.3537,0.0,0.0,0.0,0.0
calib,cattle,clim_dry_months,0.1292,0.0444,0.0927,0.0927,0.0
calib,conservation,cv_pa_dist,0.3164,0.3466,0.3436,0.3436,0.0
calib,conservation,cv_carbon,0.1706,0.2939,0.1706,0.1706,0.0
calib,conservation,cv_ruggedness,0.1706,0.2778,0.1658,0.1658,0.0
calib,conservation,terr_twi,0.0678,0.3129,0.0699,0.0699,0.0
calib,conservation,rl_native_frac,0.0838,0.1704,0.0638,0.0638,0.0
calib,conservation,clim_aridity,0.0678,0.2725,0.0653,0.0653,0.0
calib,conservation,terr_slope,0.0267,0.2379,0.024,0.024,0.0
calib,conservation,clim_twarm_q,0.0678,0.2689,0.0648,0.0648,0.0
calib,conservation,water_drain_density,0.0285,0.3758,0.0322,0.0322,0.0
calib,solar,clim_srad,0.4359,0.3025,0.4361,0.4361,0.0
calib,solar,sit_clearness,0.1573,0.3012,0.1571,0.1571,0.0
calib,solar,terr_northing,0.0628,0.3064,0.0633,0.0633,0.0
calib,solar,terr_slope,0.092,0.3037,0.0923,0.0923,0.0
calib,solar,clim_twarm_q,0.2519,0.3004,0.2512,0.2512,0.0
