segment,factor,role,type,points,sigma_mu_available,sigma_mu_future,sigma_mu_horizon,sigma_mu_realized,mean_mu_available,mean_mu_future,frac_saturated,frac_vetoed
soybean,terr_slope,limiting,decreasing,"[4, 8]",0.31362410600246965,0.3136241060024694,0.31362410600246954,0.07649474995949691,0.818970730115999,0.8189707301159984,0.6103491528369601,0.06958095034353746
soybean,soil_clay,limiting,range,"[20, 32, 45, 62]",0.3319252491311447,0.33192524913114446,0.3319252491311446,0.15898987762595485,0.7292803076655493,0.7292803076655492,0.4459576447726294,0.02267934864342916
soybean,clim_twarm_q,limiting,range,"[18, 22, 30, 34]",0.0,0.10309845422640458,0.07685774227190574,0.0,1.0,0.9513187134435556,1.0,0.0
soybean,soil_ph,limiting,range,"[4.5, 5.5, 6.8, 7.5]",0.1308975735672525,0.13089757356725013,0.13089757356725132,0.1363202804368123,0.8617878647210954,0.8617878647210956,0.27929384117051886,0.0
soybean,clim_pr_annual,limiting,range,"[800, 1100, 1800, 2200]",0.0,0.0,0.0,0.0,1.0,1.0,1.0,0.0
soybean,clim_aridity,limiting,range,"[0.4, 0.7, 1.3, 1.6]",0.0,0.0,0.0,0.0,1.0,1.0,1.0,0.0
sugarcane,terr_slope,limiting,decreasing,"[5, 10]",0.24222197301074672,0.24222197301074647,0.24222197301074658,0.0660094693736572,0.898315300031146,0.8983153000311463,0.7555121966679571,0.03126610733364504
sugarcane,soil_awc,limiting,increasing,"[22.1, 33.6]",0.26822759714218547,0.2682275971421857,0.2682275971421856,0.2790705209584551,0.4634973324759269,0.46349733247592695,0.0499687088678561,0.0470266698087887
sugarcane,soil_clay,limiting,range,"[22, 32, 52, 66]",0.3825778899050874,0.3825778899050866,0.382577889905087,0.21328480409677122,0.6938255136322059,0.693825513632206,0.49763706140471037,0.08611653693219255
sugarcane,clim_twarm_q,limiting,range,"[20, 23, 32, 36]",0.0,0.0,0.0,0.0,1.0,1.0,1.0,0.0
sugarcane,clim_pr_annual,limiting,range,"[900, 1300, 2000, 2600]",0.013682303477382706,0.05108509686069871,0.03769037844293486,0.006639041904346514,0.9983118725042401,0.9889058420312798,0.979410698434638,0.0
sugarcane,clim_dry_months,limiting,range,"[3, 5, 5, 9]",0.014170287427557798,0.05403629183107643,0.0399460511616445,0.01661541234136711,0.999600557090902,0.9877130740785415,0.9992011141818037,0.0
other_crops,terr_slope,limiting,decreasing,"[4, 8]",0.31362410600246926,0.31362410600246926,0.31362410600246926,0.18376130958031608,0.8189707301159989,0.818970730115999,0.6103491528369602,0.06958095034353746
other_crops,soil_soc,limiting,increasing,"[6, 20]",0.21600131026590536,0.216001310265905,0.2160013102659052,0.2086406101497457,0.45976504094155957,0.4597650409415594,0.027852925964033312,3.439049084047208e-05
other_crops,clim_gdd,limiting,range,"[2500, 3500, 5500, 7000]",0.07719613400405252,0.2717992652500009,0.2809597611622226,0.03895668448612691,0.9689994395327572,0.5739230137894479,0.8165129423835068,0.0
other_crops,soil_ph,limiting,range,"[4.5, 5.5, 6.8, 7.5]",0.13089757356725204,0.13089757356725157,0.1308975735672518,0.13975390627314593,0.8617878647210958,0.8617878647210957,0.2792938411705189,0.0
other_crops,clim_pr_annual,limiting,range,"[700, 1000, 1700, 2200]",0.0,0.0,0.0,0.0,1.0,1.0,1.0,0.0
other_crops,clim_pr_cv,limiting,decreasing,"[0.6, 1.3]",0.04696714242904708,0.03934956193504615,0.05972380331233309,0.044512909681370595,0.69393326058092,0.6117193338805115,0.0,0.0
pisciculture,terr_slope,limiting,decreasing,"[2.86, 5.71]",0.3916849685735257,0.39168496857352536,0.3916849685735255,0.3579277313917214,0.6318150260320543,0.6318150260320543,0.33655642264901736,0.17884441989913327
pisciculture,soil_clay,limiting,increasing,"[15, 35]",0.25909986993166584,0.2590998699316661,0.259099869931666,0.20653722641786532,0.7562495504312214,0.7562495504312212,0.37108391561295084,4.2988113550590094e-06
pisciculture,sit_water_dist_seas,limiting,decreasing,"[750, 6000]",0.36340943565035155,0.36340943565035144,0.3634094356503515,0.36580707824273306,0.45398338139770567,0.4539833813977057,0.061923437004399874,0.2589816072846303
pisciculture,water_drain_density,limiting,increasing,"[0.0, 0.093]",0.35701575077423664,0.3570157507742368,0.35701575077423675,0.3784944324371879,0.19299911768080902,0.19299911768080902,0.10000653249181356,0.6856134384904364
pisciculture,clim_twarm_q,limiting,range,"[22, 26, 32, 36]",0.21224273564245194,0.0,0.1867659807596793,0.21651526769434323,0.7776665373576975,1.0,0.2821647379800676,0.0
cattle,clim_pr_annual,limiting,range,"[700, 1000, 2000, 2600]",0.0,0.0,0.0,0.0,1.0,1.0,1.0,0.0
cattle,clim_dry_months,limiting,decreasing,"[5, 9]",0.0,0.05403629183107643,0.03870016220349058,0.0,1.0,0.9877130740785415,1.0,0.0
cattle,clim_soil_moist,limiting,increasing,"[55, 120]",0.2835060061918106,0.2835060061918104,0.2835060061918105,0.26835719409547465,0.5770442196631883,0.5770442196631884,0.05495609196163819,0.07486429485796807
cattle,terr_slope,limiting,decreasing,"[6, 15]",0.13743203532352596,0.1374320353235237,0.13743203532352483,0.12797835811262298,0.9581535552973653,0.9581535552973655,0.8427819379214354,0.003752802755076316
cattle,soil_soc,limiting,increasing,"[8, 18]",0.283581737734624,0.28358173773462386,0.2835817377346239,0.2699887682852849,0.43518173101659685,0.4351817310165969,0.06342331408584098,0.0003704732483873599
conservation,cv_pa_dist,limiting,decreasing,"[5000, 40000]",0.3547864011576655,0.3547864011576656,0.3547864011576656,0.3884083547095961,0.45295769193321883,0.45295769193321883,0.0944031717397155,0.21514496273655942
conservation,cv_carbon,limiting,increasing,"[10, 20]",0.29577964635126636,0.2957796463512665,0.29577964635126647,0.28474475163256885,0.4077907005853642,0.4077907005853641,0.04193627103283248,0.08937610320089572
conservation,cv_ruggedness,limiting,increasing,"[5, 30]",0.28254243453747374,0.2825424345374736,0.2825424345374737,0.3734823872740672,0.3374648809015465,0.3374648809015464,0.055933807904112814,0.11193179437941032
conservation,terr_twi,limiting,increasing,"[9.44, 11.56]",0.31232646612929965,0.3123264661292997,0.31232646612929965,0.36380955654898156,0.45126186295249343,0.4512618629524934,0.1035696991167987,0.09861286118674051
conservation,rl_native_frac,limiting,increasing,"[0.25, 0.85]",0.195181761425849,0.19518176142584898,0.195181761425849,0.3233915165651592,0.08561073310864696,0.08561073310864689,0.013969839105990986,0.7071299830163643
conservation,clim_aridity,limiting,increasing,"[0.95, 1.25]",0.21743894806622996,0.1506897143381254,0.28439292175001385,0.23576244636581029,0.6159113252661383,0.18749194722736537,0.010526229724725854,0.03962614591496315
conservation,terr_slope,limiting,increasing,"[2.86, 11.31]",0.23445901506872968,0.23445901506872968,0.23445901506872968,0.3805212839660001,0.17044880492247974,0.17044880492247974,0.01840512288965745,0.3380899145659648
conservation,clim_twarm_q,limiting,decreasing,"[23, 31]",0.15088004138582758,0.14071020003237406,0.27666560378081695,0.15465330105373223,0.7031164634971134,0.23295996753206089,0.0,0.0
conservation,water_drain_density,limiting,increasing,"[0.01, 0.08]",0.37086235757406777,0.3708623575740677,0.3708623575740677,0.3862324101473081,0.1950854368865685,0.19508543688656843,0.13398455954947894,0.7427092038932304
solar,clim_srad,limiting,increasing,"[186, 204]",0.2965564406145517,0.29655644061455166,0.29655644061455166,,0.4394270552332152,0.4394270552332151,0.06254291952484257,0.09797390762618266
solar,sit_clearness,limiting,increasing,"[0.466, 0.501]",0.30156866049015485,0.301568660490155,0.30156866049015496,,0.4349343929846736,0.4349343929846737,0.06918979316276534,0.1215208011818837
solar,terr_northing,limiting,increasing,"[-0.3, 0.5]",0.3051223250386906,0.3051223250386905,0.3051223250386905,,0.44052680785328363,0.4405268078532836,0.047044679631007794,0.12682300984686745
solar,terr_slope,limiting,decreasing,"[2.86, 8.53]",0.3006694075168218,0.300669407516822,0.3006694075168219,,0.7625816936424591,0.7625816936424591,0.33736350147630106,0.05625490305655714
solar,clim_twarm_q,limiting,decreasing,"[24, 31]",0.16248485766570642,0.16081165717985613,0.31055052171294817,,0.7965635151084524,0.2662399628937839,0.14338543058772282,0.0
