segment,factor,lambda,weight
soybean,terr_slope,0.0,0.2133
soybean,soil_clay,0.0,0.0971
soybean,soil_ph,0.0,0.2705
soybean,clim_pr_annual,0.0,0.2515
soybean,clim_twarm_q,0.0,0.0838
soybean,clim_aridity,0.0,0.0838
soybean,terr_slope,0.25,0.3626
soybean,soil_clay,0.25,0.1674
soybean,soil_ph,0.25,0.3698
soybean,clim_pr_annual,0.25,0.0
soybean,clim_twarm_q,0.25,0.1002
soybean,clim_aridity,0.25,0.0
soybean,terr_slope,0.5,0.4028
soybean,soil_clay,0.5,0.1887
soybean,soil_ph,0.5,0.3302
soybean,clim_pr_annual,0.5,0.0
soybean,clim_twarm_q,0.5,0.0783
soybean,clim_aridity,0.5,0.0
soybean,terr_slope,0.75,0.4404
soybean,soil_clay,0.75,0.2092
soybean,soil_ph,0.75,0.2901
soybean,clim_pr_annual,0.75,0.0
soybean,clim_twarm_q,0.75,0.0603
soybean,clim_aridity,0.75,0.0
soybean,terr_slope,1.0,0.4745
soybean,soil_clay,1.0,0.2286
soybean,soil_ph,1.0,0.2512
soybean,clim_pr_annual,1.0,0.0
soybean,clim_twarm_q,1.0,0.0457
soybean,clim_aridity,1.0,0.0
sugarcane,terr_slope,0.0,0.2169
sugarcane,soil_awc,0.0,0.2169
sugarcane,soil_clay,0.0,0.1332
sugarcane,clim_pr_annual,0.0,0.2598
sugarcane,clim_dry_months,0.0,0.0866
sugarcane,clim_twarm_q,0.0,0.0866
sugarcane,terr_slope,0.25,0.2687
sugarcane,soil_awc,0.25,0.2757
sugarcane,soil_clay,0.25,0.185
sugarcane,clim_pr_annual,0.25,0.2022
sugarcane,clim_dry_months,0.25,0.0684
sugarcane,clim_twarm_q,0.25,0.0
sugarcane,terr_slope,0.5,0.2891
sugarcane,soil_awc,0.5,0.3043
sugarcane,soil_clay,0.5,0.2231
sugarcane,clim_pr_annual,0.5,0.1366
sugarcane,clim_dry_months,0.5,0.0469
sugarcane,clim_twarm_q,0.5,0.0
sugarcane,terr_slope,0.75,0.299
sugarcane,soil_awc,0.75,0.3227
sugarcane,soil_clay,0.75,0.2587
sugarcane,clim_pr_annual,0.75,0.0887
sugarcane,clim_dry_months,0.75,0.0309
sugarcane,clim_twarm_q,0.75,0.0
sugarcane,terr_slope,1.0,0.3003
sugarcane,soil_awc,1.0,0.3326
sugarcane,soil_clay,1.0,0.2913
sugarcane,clim_pr_annual,1.0,0.056
sugarcane,clim_dry_months,1.0,0.0198
sugarcane,clim_twarm_q,1.0,0.0
other_crops,terr_slope,0.0,0.0738
other_crops,soil_soc,0.0,0.3999
other_crops,clim_gdd,0.0,0.1638
other_crops,soil_ph,0.0,0.1527
other_crops,clim_pr_cv,0.0,0.0571
other_crops,clim_pr_annual,0.0,0.1527
other_crops,terr_slope,0.25,0.0974
other_crops,soil_soc,0.25,0.4806
other_crops,clim_gdd,0.25,0.2103
other_crops,soil_ph,0.25,0.1619
other_crops,clim_pr_cv,0.25,0.0498
other_crops,clim_pr_annual,0.25,0.0
other_crops,terr_slope,0.5,0.1079
other_crops,soil_soc,0.5,0.4849
other_crops,clim_gdd,0.5,0.2266
other_crops,soil_ph,0.5,0.1442
other_crops,clim_pr_cv,0.5,0.0364
other_crops,clim_pr_annual,0.5,0.0
other_crops,terr_slope,0.75,0.1185
other_crops,soil_soc,0.75,0.4856
other_crops,clim_gdd,0.75,0.2422
other_crops,soil_ph,0.75,0.1273
other_crops,clim_pr_cv,0.75,0.0264
other_crops,clim_pr_annual,0.75,0.0
other_crops,terr_slope,1.0,0.1293
other_crops,soil_soc,1.0,0.4827
other_crops,clim_gdd,1.0,0.2572
other_crops,soil_ph,1.0,0.1117
other_crops,clim_pr_cv,1.0,0.0191
other_crops,clim_pr_annual,1.0,0.0
pisciculture,terr_slope,0.0,0.0974
pisciculture,soil_clay,0.0,0.1517
pisciculture,sit_water_dist_seas,0.0,0.4423
pisciculture,water_drain_density,0.0,0.0486
pisciculture,clim_twarm_q,0.0,0.26
pisciculture,terr_slope,0.25,0.1045
pisciculture,soil_clay,0.25,0.1468
pisciculture,sit_water_dist_seas,0.25,0.4658
pisciculture,water_drain_density,0.25,0.051
pisciculture,clim_twarm_q,0.25,0.2319
pisciculture,terr_slope,0.5,0.1116
pisciculture,soil_clay,0.5,0.1414
pisciculture,sit_water_dist_seas,0.5,0.4881
pisciculture,water_drain_density,0.5,0.0532
pisciculture,clim_twarm_q,0.5,0.2057
pisciculture,terr_slope,0.75,0.1186
pisciculture,soil_clay,0.75,0.1355
pisciculture,sit_water_dist_seas,0.75,0.5091
pisciculture,water_drain_density,0.75,0.0552
pisciculture,clim_twarm_q,0.75,0.1816
pisciculture,terr_slope,1.0,0.1255
pisciculture,soil_clay,1.0,0.1293
pisciculture,sit_water_dist_seas,1.0,0.5284
pisciculture,water_drain_density,1.0,0.0571
pisciculture,clim_twarm_q,1.0,0.1597
cattle,clim_soil_moist,0.0,0.3423
cattle,terr_slope,0.0,0.1179
cattle,soil_soc,0.0,0.0569
cattle,clim_pr_annual,0.0,0.3537
cattle,clim_dry_months,0.0,0.1292
cattle,clim_soil_moist,0.25,0.5941
cattle,terr_slope,0.25,0.1708
cattle,soil_soc,0.25,0.0988
cattle,clim_pr_annual,0.25,0.0
cattle,clim_dry_months,0.25,0.1363
cattle,clim_soil_moist,0.5,0.647
cattle,terr_slope,0.5,0.1552
cattle,soil_soc,0.5,0.1076
cattle,clim_pr_annual,0.5,0.0
cattle,clim_dry_months,0.5,0.0902
cattle,clim_soil_moist,0.75,0.6891
cattle,terr_slope,0.75,0.1379
cattle,soil_soc,0.75,0.1146
cattle,clim_pr_annual,0.75,0.0
cattle,clim_dry_months,0.75,0.0584
cattle,clim_soil_moist,1.0,0.7221
cattle,terr_slope,1.0,0.1206
cattle,soil_soc,1.0,0.1201
cattle,clim_pr_annual,1.0,0.0
cattle,clim_dry_months,1.0,0.0372
conservation,cv_pa_dist,0.0,0.3164
conservation,cv_carbon,0.0,0.1706
conservation,cv_ruggedness,0.0,0.1706
conservation,terr_twi,0.0,0.0678
conservation,rl_native_frac,0.0,0.0838
conservation,clim_aridity,0.0,0.0678
conservation,terr_slope,0.0,0.0267
conservation,clim_twarm_q,0.0,0.0678
conservation,water_drain_density,0.0,0.0285
conservation,cv_pa_dist,0.25,0.3299
conservation,cv_carbon,0.25,0.17
conservation,cv_ruggedness,0.25,0.168
conservation,terr_twi,0.25,0.0685
conservation,rl_native_frac,0.25,0.0752
conservation,clim_aridity,0.25,0.0669
conservation,terr_slope,0.25,0.0251
conservation,clim_twarm_q,0.25,0.0664
conservation,water_drain_density,0.25,0.03
conservation,cv_pa_dist,0.5,0.3433
conservation,cv_carbon,0.5,0.169
conservation,cv_ruggedness,0.5,0.1652
conservation,terr_twi,0.5,0.069
conservation,rl_native_frac,0.5,0.0674
conservation,clim_aridity,0.5,0.0659
conservation,terr_slope,0.5,0.0236
conservation,clim_twarm_q,0.5,0.065
conservation,water_drain_density,0.5,0.0316
conservation,cv_pa_dist,0.75,0.3566
conservation,cv_carbon,0.75,0.1678
conservation,cv_ruggedness,0.75,0.1622
conservation,terr_twi,0.75,0.0695
conservation,rl_native_frac,0.75,0.0604
conservation,clim_aridity,0.75,0.0648
conservation,terr_slope,0.75,0.0221
conservation,clim_twarm_q,0.75,0.0634
conservation,water_drain_density,0.75,0.0332
conservation,cv_pa_dist,1.0,0.3702
conservation,cv_carbon,1.0,0.1664
conservation,cv_ruggedness,1.0,0.1589
conservation,terr_twi,1.0,0.0698
conservation,rl_native_frac,1.0,0.0539
conservation,clim_aridity,1.0,0.0636
conservation,terr_slope,1.0,0.0206
conservation,clim_twarm_q,1.0,0.0618
conservation,water_drain_density,1.0,0.0348
solar,clim_srad,0.0,0.436
solar,sit_clearness,0.0,0.1573
solar,terr_northing,0.0,0.0628
solar,terr_slope,0.0,0.092
solar,clim_twarm_q,0.0,0.2519
solar,clim_srad,0.25,0.4341
solar,sit_clearness,0.25,0.1573
solar,terr_northing,0.25,0.063
solar,terr_slope,0.25,0.0919
solar,clim_twarm_q,0.25,0.2537
solar,clim_srad,0.5,0.4321
solar,sit_clearness,0.5,0.1573
solar,terr_northing,0.5,0.0632
solar,terr_slope,0.5,0.0918
solar,clim_twarm_q,0.5,0.2556
solar,clim_srad,0.75,0.4303
solar,sit_clearness,0.75,0.1572
solar,terr_northing,0.75,0.0633
solar,terr_slope,0.75,0.0918
solar,clim_twarm_q,0.75,0.2574
solar,clim_srad,1.0,0.4284
solar,sit_clearness,1.0,0.1572
solar,terr_northing,1.0,0.0635
solar,terr_slope,1.0,0.0917
solar,clim_twarm_q,1.0,0.2592
