NM_MUN,SIGLA_UF,delta_cattle,delta_conservation,delta_other_crops,delta_pisciculture,delta_solar,delta_soybean,delta_sugarcane,suit_cattle,suit_conservation,suit_other_crops,suit_pisciculture,suit_solar,suit_soybean,suit_sugarcane,underused_other_crops,underused_pisciculture,underused_soybean,underused_sugarcane,zone
Santa Isabel,GO,0.0,-0.0623,-0.078,0.0034,-0.1305,0.0,0.0,0.7179,0.3134,0.506,0.3648,0.4776,0.6102,0.5665,0.6607,0.3677,0.6478,0.5406,1
Itajá,GO,0.0,-0.053,-0.0338,0.0206,-0.0021,0.0,-0.0006,0.0091,0.3903,0.4111,0.3011,0.0108,0.5455,0.3655,0.4554,0.2798,0.695,0.3462,1
Aurilândia,GO,0.0,-0.0595,-0.0823,0.0008,-0.1015,0.0,0.0,0.7626,0.4482,0.5281,0.0847,0.3592,0.5989,0.5739,0.666,0.0533,0.6547,0.6638,1
Santa Fé de Goiás,GO,0.0,-0.0641,-0.1038,0.0,-0.1818,-0.0065,0.0,0.6588,0.5229,0.385,0.3917,0.3606,0.5131,0.3271,0.3661,0.4663,0.5804,0.3459,3
Itapuranga,GO,0.0,-0.0624,-0.0808,0.001,-0.1219,-0.0,0.0,0.7368,0.4588,0.4659,0.3089,0.4086,0.5436,0.5021,0.5903,0.2772,0.6074,0.626,1
Santa Cruz de Goiás,GO,0.0,-0.057,-0.0172,0.0187,-0.0612,0.0,0.0,0.7705,0.534,0.3808,0.1724,0.3123,0.5173,0.293,0.5417,0.1393,0.3265,0.3307,0
Itapirapuã,GO,0.0,-0.0631,-0.0908,0.0,-0.1729,-0.003,0.0,0.6927,0.4616,0.3858,0.3502,0.4301,0.4842,0.2736,0.2575,0.348,0.5811,0.2117,3
Avelinópolis,GO,0.0,-0.0597,-0.0764,0.0179,-0.1072,0.0,0.0,0.8835,0.559,0.6838,0.448,0.4449,0.7007,0.6652,0.8102,0.4732,0.7203,0.785,0
Quirinópolis,GO,0.0,-0.0582,-0.0667,0.0132,-0.0308,0.0,0.0,0.0479,0.2422,0.5147,0.35,0.1201,0.7431,0.5452,0.7106,0.3869,0.6862,0.4323,1
Rialma,GO,0.0,-0.0622,-0.0783,0.0034,-0.1221,0.0,0.0,0.6814,0.4077,0.4975,0.4793,0.4391,0.5961,0.5595,0.6432,0.5204,0.6017,0.5188,1
Professor Jamil,GO,0.0,-0.0574,-0.0477,0.019,-0.0739,0.0,0.0,0.7109,0.4422,0.503,0.3338,0.3186,0.5594,0.5612,0.68,0.2715,0.613,0.7075,1
Araguapaz,GO,0.0,-0.064,-0.0845,0.0,-0.1696,-0.0056,0.0,0.6783,0.3793,0.3041,0.2355,0.3457,0.4567,0.239,0.2326,0.2522,0.6025,0.1802,3
Itaberaí,GO,0.0,-0.0609,-0.0806,0.0099,-0.1178,0.0,0.0,0.8262,0.4533,0.6109,0.4331,0.4568,0.6495,0.6414,0.7439,0.5002,0.5424,0.7527,0
Rio Verde,GO,0.0,-0.0598,-0.0475,0.0207,-0.0323,0.0,0.0,0.3832,0.2671,0.5843,0.2626,0.1453,0.6854,0.6263,0.7551,0.246,0.2104,0.7406,0
Rio Quente,GO,0.0,-0.0567,-0.0241,0.0148,-0.0508,0.0,0.0,0.7415,0.6163,0.3539,0.1764,0.2406,0.4269,0.4481,0.5085,0.0918,0.491,0.5603,0
Iporá,GO,0.0,-0.0624,-0.0756,0.0,-0.1082,-0.0008,0.0,0.6402,0.3358,0.3916,0.221,0.3246,0.5536,0.4269,0.4805,0.1776,0.6196,0.5174,2
Israelândia,GO,0.0,-0.0616,-0.062,0.0,-0.0943,-0.0001,0.0,0.7024,0.3993,0.3361,0.2137,0.2957,0.4265,0.3839,0.3702,0.1914,0.4801,0.4664,2
Itaguaru,GO,0.0,-0.0615,-0.0737,0.0086,-0.1189,0.0,0.0,0.7536,0.4316,0.5669,0.3623,0.4676,0.5591,0.6178,0.6507,0.2609,0.6276,0.737,1
Aruanã,GO,0.0,-0.0646,-0.0957,0.0,-0.2109,-0.0061,0.0,0.6535,0.4869,0.2685,0.2722,0.285,0.2865,0.1593,0.1291,0.2876,0.2923,0.081,3
Rianápolis,GO,0.0,-0.0622,-0.0525,0.0105,-0.1145,0.0,0.0,0.6641,0.355,0.409,0.4408,0.4565,0.6057,0.4991,0.5845,0.5848,0.6838,0.5867,1
Porteirão,GO,0.0,-0.0574,-0.09,0.0141,-0.0636,0.0,0.0,0.3324,0.3159,0.6307,0.5738,0.2353,0.8211,0.7092,0.8185,0.7614,0.3176,0.607,1
Porangatu,GO,0.0,-0.0571,-0.1073,0.0,-0.2523,-0.0079,0.0,0.7689,0.4399,0.3111,0.3472,0.406,0.4866,0.2991,0.1687,0.3661,0.6242,0.2929,3
Portelândia,GO,0.0,-0.0663,-0.0253,0.0084,-0.0137,0.0,0.0,0.5079,0.3127,0.5505,0.0673,0.072,0.5456,0.534,0.636,0.033,0.1636,0.6274,0
Itaguari,GO,0.0,-0.0611,-0.0801,0.0131,-0.1237,0.0,0.0,0.808,0.3451,0.6439,0.4677,0.4954,0.7119,0.6745,0.8053,0.5949,0.6624,0.8248,0
Arenópolis,GO,0.0,-0.0636,-0.0696,0.0,-0.0982,-0.0019,0.0,0.5703,0.3175,0.3374,0.2971,0.2723,0.503,0.3963,0.3214,0.3023,0.5094,0.4628,2
Hidrolina,GO,0.0,-0.0618,-0.082,0.0,-0.1313,-0.0019,0.0,0.6818,0.5923,0.3438,0.239,0.352,0.4237,0.4046,0.3957,0.2296,0.3958,0.4599,2
Iaciara,GO,-0.0199,-0.0312,-0.0656,0.0056,-0.1724,0.0,-0.0149,0.7545,0.4066,0.4649,0.2103,0.6864,0.7457,0.4063,0.5725,0.1759,0.7454,0.4884,3
Posse,GO,-0.0173,-0.0299,-0.0576,0.0018,-0.1303,0.0,-0.0124,0.6567,0.5472,0.3724,0.136,0.4914,0.5082,0.2496,0.4509,0.0974,0.5208,0.259,3
Aragarças,GO,0.0,-0.0649,-0.0494,0.0,-0.0703,-0.001,0.0,0.6165,0.3267,0.2523,0.2639,0.1964,0.2591,0.1527,0.1882,0.2468,0.243,0.1006,3
Hidrolândia,GO,0.0,-0.0581,-0.0455,0.0226,-0.0799,0.0,0.0,0.7335,0.5755,0.514,0.3553,0.3547,0.5918,0.5468,0.6853,0.388,0.5835,0.6536,0
Aporé,GO,0.0,-0.06,-0.0299,0.0262,-0.0021,0.0,0.0002,0.0245,0.4701,0.4565,0.252,0.0108,0.6265,0.4528,0.5983,0.192,0.709,0.4693,0
Araçu,GO,0.0,-0.06,-0.077,0.0168,-0.1085,0.0,0.0,0.8701,0.4405,0.6868,0.432,0.4505,0.6965,0.6842,0.8054,0.4395,0.7179,0.8351,0
Ipameri,GO,0.0,-0.0575,-0.008,0.0289,-0.0565,0.0,0.0,0.729,0.3905,0.3755,0.1734,0.3258,0.4928,0.3445,0.49,0.1071,0.31,0.4036,0
Ipiranga de Goiás,GO,0.0,-0.0625,-0.109,0.0,-0.1564,-0.0003,0.0,0.6954,0.4435,0.5536,0.3812,0.4867,0.6077,0.5547,0.6551,0.375,0.6093,0.5148,2
Indiara,GO,0.0,-0.0576,-0.0614,0.0115,-0.0893,0.0,0.0,0.5678,0.3452,0.4523,0.4588,0.3378,0.7289,0.4409,0.5892,0.5814,0.4917,0.5002,0
Inaciolândia,GO,0.0,-0.0588,-0.0837,0.0192,-0.0449,0.0,0.0,0.2124,0.4468,0.6228,0.6225,0.1707,0.8826,0.764,0.8659,0.8538,0.5726,0.6194,1
Inhumas,GO,0.0,-0.0601,-0.0613,0.0157,-0.093,0.0,0.0,0.8064,0.4899,0.6013,0.3283,0.4011,0.4913,0.5866,0.6054,0.2608,0.5029,0.6575,1
Pires do Rio,GO,0.0,-0.0574,-0.0116,0.0234,-0.064,0.0,0.0,0.7561,0.5501,0.4067,0.1644,0.3491,0.5017,0.3424,0.5549,0.0945,0.448,0.4101,0
Aragoiânia,GO,0.0,-0.0583,-0.0577,0.0208,-0.0861,0.0,0.0,0.7475,0.5722,0.5682,0.4161,0.3658,0.6332,0.6397,0.7327,0.5743,0.7004,0.7351,0
Guaraíta,GO,0.0,-0.0622,-0.0838,0.0001,-0.126,0.0,0.0,0.7767,0.4417,0.4866,0.2898,0.4237,0.5472,0.5584,0.6135,0.2105,0.6426,0.7333,1
Anápolis,GO,0.0,-0.0603,-0.0233,0.0268,-0.0707,0.0,0.0,0.6615,0.6004,0.4712,0.2358,0.3685,0.4225,0.462,0.5427,0.1827,0.3901,0.5432,0
Guarani de Goiás,GO,-0.0181,-0.0296,-0.0579,0.0002,-0.1235,0.0,-0.0152,0.6896,0.6304,0.3526,0.0677,0.4556,0.506,0.2891,0.4836,0.0394,0.5017,0.329,3
Anhanguera,GO,0.0,-0.056,-0.0159,0.0291,-0.0491,0.0,0.0,0.6803,0.6455,0.3834,0.2376,0.2614,0.522,0.506,0.4979,0.1776,0.5843,0.6423,1
Guapó,GO,0.0,-0.0584,-0.0642,0.0156,-0.0945,0.0,0.0,0.7359,0.5268,0.5774,0.3723,0.3889,0.687,0.6032,0.7534,0.3889,0.6939,0.743,0
Heitoraí,GO,0.0,-0.0618,-0.0788,0.0048,-0.1152,0.0,0.0,0.7361,0.3716,0.5422,0.3812,0.4282,0.547,0.5936,0.6211,0.4108,0.5354,0.6771,1
Aparecida de Goiânia,GO,0.0,-0.0587,-0.0176,0.0104,-0.0342,0.0,0.0,0.3701,0.5548,0.2232,0.1443,0.1581,0.2483,0.1975,0.2937,0.1427,0.2782,0.2462,0
Planaltina,GO,0.0,-0.0635,-0.0021,0.0193,-0.0327,0.0,0.0,0.6761,0.6553,0.2007,0.0777,0.2228,0.2194,0.169,0.2435,0.0348,0.1172,0.2045,1
Pontalina,GO,0.0,-0.057,-0.0572,0.0112,-0.0748,0.0,0.0,0.5573,0.2775,0.4536,0.3459,0.2874,0.6372,0.5045,0.609,0.3693,0.4051,0.6146,1
Aparecida do Rio Doce,GO,0.0,-0.0599,-0.0332,0.0373,-0.0051,0.0,0.0,0.2439,0.4542,0.473,0.3697,0.0247,0.6573,0.4854,0.6393,0.325,0.7614,0.6118,1
Guarinos,GO,0.0,-0.0619,-0.0903,0.0,-0.1762,-0.005,0.0,0.6419,0.4142,0.3115,0.1352,0.3307,0.365,0.3582,0.2854,0.0974,0.4502,0.4427,2
Anicuns,GO,0.0,-0.0601,-0.0864,0.0104,-0.111,0.0,0.0,0.8787,0.5167,0.678,0.3819,0.4356,0.6548,0.728,0.7684,0.3538,0.6713,0.7374,0
Goianira,GO,0.0,-0.0596,-0.0457,0.0255,-0.0866,0.0,0.0,0.7332,0.4578,0.5133,0.4153,0.3899,0.5827,0.478,0.6412,0.5152,0.5485,0.5974,1
Alto Paraíso de Goiás,GO,0.0,-0.0605,-0.0146,0.0053,-0.0421,0.0,0.0,0.8296,0.7402,0.2069,0.0553,0.212,0.2153,0.1763,0.2409,0.0427,0.1691,0.2082,1
Pilar de Goiás,GO,0.0,-0.0601,-0.0932,0.0,-0.1693,-0.0046,0.0,0.6538,0.507,0.3264,0.143,0.3394,0.3566,0.3863,0.3138,0.0915,0.4196,0.4448,2
Goiânia,GO,0.0,-0.0592,-0.0215,0.0167,-0.0462,0.0,0.0,0.4439,0.566,0.2839,0.2208,0.2174,0.3251,0.2802,0.3648,0.27,0.3395,0.3396,1
Aloândia,GO,0.0,-0.0573,-0.0716,0.0183,-0.0822,0.0,0.0,0.5547,0.255,0.5703,0.5569,0.3162,0.8175,0.6627,0.8419,0.7011,0.6053,0.8437,1
Pirenópolis,GO,0.0,-0.0619,-0.019,0.0134,-0.0541,0.0,0.0,0.6891,0.637,0.2999,0.1477,0.2702,0.2862,0.3519,0.3483,0.1044,0.3006,0.3976,1
Alto Horizonte,GO,0.0,-0.0573,-0.1106,0.0,-0.2319,-0.0077,0.0,0.6684,0.5589,0.3486,0.3784,0.3948,0.4965,0.3738,0.3515,0.4809,0.6442,0.4596,3
Amorinópolis,GO,0.0,-0.0618,-0.0751,0.0001,-0.103,0.0,0.0,0.6532,0.285,0.4575,0.1654,0.3461,0.575,0.4898,0.5339,0.0946,0.5772,0.5977,2
Piracanjuba,GO,0.0,-0.0572,-0.0389,0.028,-0.0798,0.0,0.0,0.7377,0.4492,0.5198,0.3654,0.3686,0.6832,0.4368,0.7385,0.3536,0.4388,0.5274,0
Piranhas,GO,0.0,-0.064,-0.0666,0.0,-0.09,-0.0006,0.0,0.599,0.3159,0.3687,0.2295,0.2735,0.544,0.4307,0.3922,0.2188,0.5609,0.4921,2
Americano do Brasil,GO,0.0,-0.0605,-0.0963,0.0071,-0.1131,0.0,0.0,0.8721,0.5711,0.7085,0.337,0.4312,0.6345,0.7655,0.7674,0.2848,0.6599,0.7853,0
Gouvelândia,GO,0.0,-0.0585,-0.0797,0.0186,-0.0388,0.0,0.0,0.1064,0.3171,0.5883,0.5781,0.1482,0.8586,0.7269,0.7995,0.8376,0.7206,0.4136,1
Goiatuba,GO,0.0,-0.0579,-0.0808,0.0141,-0.068,0.0,0.0,0.4544,0.3468,0.6179,0.4697,0.2595,0.8035,0.6578,0.8254,0.5975,0.3304,0.6199,0
Goiás,GO,0.0,-0.0619,-0.0628,0.0007,-0.1045,-0.0003,0.0,0.7625,0.5831,0.3512,0.1623,0.3358,0.4279,0.4095,0.3844,0.1204,0.501,0.5046,2
Amaralina,GO,0.0,-0.0577,-0.1242,0.0,-0.2833,-0.0099,0.0,0.7088,0.4681,0.3404,0.2613,0.3948,0.5158,0.3612,0.2658,0.2441,0.6439,0.4167,3
Alvorada do Norte,GO,-0.0165,-0.0307,-0.0408,0.0046,-0.1224,0.0,-0.0092,0.6255,0.5744,0.298,0.1708,0.4849,0.4706,0.2201,0.2965,0.1612,0.497,0.2218,3
Acreúna,GO,0.0,-0.0567,-0.0862,0.0086,-0.0752,0.0,0.0,0.4122,0.3992,0.5665,0.4914,0.2702,0.7743,0.6415,0.7714,0.6283,0.4272,0.6431,1
Divinópolis de Goiás,GO,-0.0194,-0.029,-0.0575,0.0,-0.1221,0.0,-0.0178,0.7355,0.5936,0.3123,0.0788,0.428,0.4861,0.3724,0.4357,0.0624,0.5096,0.4532,3
Perolândia,GO,0.0,-0.0647,-0.0183,0.0338,-0.0123,0.0,0.0,0.586,0.2591,0.671,0.2139,0.0701,0.6794,0.6898,0.7875,0.1398,0.1663,0.7333,0
Abadiânia,GO,0.0,-0.0608,-0.0117,0.0284,-0.066,0.0,0.0,0.6753,0.5253,0.4105,0.179,0.3773,0.3814,0.3657,0.4838,0.1013,0.298,0.4349,0
Paraúna,GO,0.0,-0.0588,-0.0749,0.0067,-0.0784,0.0,0.0,0.602,0.4732,0.5156,0.3385,0.2883,0.6627,0.5438,0.6936,0.3978,0.308,0.6425,0
Água Fria de Goiás,GO,0.0,-0.0633,-0.0112,0.0172,-0.058,0.0,0.0,0.8383,0.4309,0.2931,0.1109,0.3251,0.3247,0.2509,0.3736,0.0974,0.1464,0.2988,0
Adelândia,GO,0.0,-0.0602,-0.1002,0.0072,-0.1226,0.0,0.0,0.8948,0.6074,0.6993,0.4351,0.4547,0.7522,0.7563,0.8365,0.4568,0.8095,0.8715,1
Gameleira de Goiás,GO,0.0,-0.06,-0.0113,0.0358,-0.0825,0.0,0.0,0.6855,0.5602,0.5401,0.2197,0.4844,0.5868,0.4748,0.7121,0.1168,0.1992,0.5857,0
Petrolina de Goiás,GO,0.0,-0.0607,-0.0494,0.0179,-0.0949,0.0,0.0,0.7506,0.6192,0.5552,0.2973,0.4307,0.4985,0.55,0.5834,0.1969,0.534,0.6415,0
Abadia de Goiás,GO,0.0,-0.0588,-0.053,0.0177,-0.0832,0.0,0.0,0.7296,0.4644,0.5325,0.3423,0.3577,0.5294,0.6203,0.6469,0.4091,0.5757,0.698,0
Goianésia,GO,0.0,-0.0626,-0.0532,0.0108,-0.1027,0.0,0.0,0.706,0.3348,0.4418,0.2968,0.4237,0.4836,0.5052,0.5127,0.2895,0.5002,0.4911,1
Águas Lindas de Goiás,GO,0.0,-0.0626,-0.0011,0.0203,-0.0266,0.0,0.0,0.4995,0.659,0.1747,0.0937,0.1769,0.1938,0.106,0.233,0.0331,0.201,0.112,0
Goianápolis,GO,0.0,-0.0596,-0.0245,0.0273,-0.0701,0.0,0.0,0.7131,0.6328,0.4619,0.2601,0.3583,0.4403,0.4783,0.534,0.1955,0.3852,0.5702,0
Água Limpa,GO,0.0,-0.0567,-0.0272,0.0164,-0.0535,0.0,0.0,0.6433,0.603,0.3779,0.2062,0.2514,0.3569,0.408,0.3628,0.1067,0.398,0.5025,1
Goiandira,GO,0.0,-0.0563,-0.013,0.0118,-0.058,0.0,0.0,0.6938,0.6044,0.373,0.0918,0.3144,0.534,0.4202,0.4341,0.0363,0.5562,0.5447,0
Alexânia,GO,0.0,-0.0614,-0.0041,0.0396,-0.0559,0.0,0.0,0.6317,0.607,0.3603,0.2026,0.3536,0.3484,0.3397,0.4382,0.0964,0.2849,0.4056,0
Panamá,GO,0.0,-0.0584,-0.0713,0.0147,-0.0633,0.0,0.0,0.477,0.5093,0.5798,0.418,0.247,0.772,0.6375,0.8023,0.4288,0.5035,0.6137,0
Firminópolis,GO,0.0,-0.0594,-0.0791,0.0056,-0.1219,0.0,0.0,0.7754,0.3981,0.5441,0.3313,0.4477,0.8051,0.5298,0.7516,0.3209,0.7258,0.6863,1
Palminópolis,GO,0.0,-0.0588,-0.0701,0.0103,-0.1143,0.0,0.0,0.688,0.3981,0.4997,0.5086,0.4273,0.7874,0.4971,0.6469,0.6344,0.6555,0.6209,0
Paranaiguara,GO,0.0,-0.0566,-0.0602,0.0125,-0.0047,0.0,0.0,0.0094,0.4097,0.5034,0.2908,0.0194,0.751,0.5424,0.7341,0.2706,0.7913,0.4328,1
Formoso,GO,0.0,-0.0538,-0.0712,0.0,-0.1319,-0.0019,0.0,0.8067,0.4434,0.2885,0.1741,0.3606,0.3983,0.3761,0.3997,0.1564,0.4651,0.4708,2
Flores de Goiás,GO,-0.0061,-0.0391,-0.0314,0.0125,-0.1257,0.0,-0.0051,0.7187,0.4529,0.3254,0.1994,0.5721,0.5756,0.3276,0.3123,0.176,0.6023,0.3801,3
Formosa,GO,0.0,-0.0563,-0.0058,0.0205,-0.0572,0.0,-0.0003,0.7412,0.4189,0.2442,0.1125,0.342,0.3724,0.2412,0.3107,0.0806,0.3511,0.2868,1
Ouvidor,GO,0.0,-0.0564,-0.0068,0.0228,-0.0473,0.0,0.0,0.605,0.5898,0.3459,0.1369,0.2797,0.4277,0.2762,0.4415,0.0479,0.4202,0.2839,0
Orizona,GO,0.0,-0.0584,-0.0061,0.0273,-0.0688,0.0,0.0,0.7032,0.4759,0.4371,0.1535,0.4122,0.5284,0.3382,0.5962,0.0958,0.3773,0.3947,0
Doverlândia,GO,0.0,-0.0655,-0.0358,0.0049,-0.0447,0.0,0.0,0.5936,0.3588,0.3598,0.152,0.1868,0.4402,0.3065,0.3954,0.1134,0.4582,0.3239,0
Ouro Verde de Goiás,GO,0.0,-0.0603,-0.0427,0.0197,-0.0832,0.0,0.0,0.7843,0.6406,0.5814,0.2532,0.398,0.3859,0.607,0.5314,0.0881,0.4275,0.6676,0
Edealina,GO,0.0,-0.057,-0.0634,0.0115,-0.0829,0.0,0.0,0.5427,0.3346,0.4792,0.4144,0.314,0.7542,0.4706,0.6279,0.4804,0.3595,0.5806,1
Palmeiras de Goiás,GO,0.0,-0.0588,-0.066,0.0135,-0.1044,0.0,0.0,0.7226,0.4304,0.5194,0.461,0.4083,0.7605,0.4949,0.7442,0.5991,0.4836,0.6291,0
Palmelo,GO,0.0,-0.0573,-0.014,0.0239,-0.0745,0.0,0.0,0.7757,0.6201,0.4638,0.1721,0.4019,0.6348,0.3807,0.6854,0.0108,0.5708,0.465,0
Padre Bernardo,GO,0.0,-0.0635,-0.0082,0.0267,-0.0613,0.0,0.0,0.6983,0.56,0.2596,0.181,0.3528,0.398,0.1759,0.3392,0.1753,0.2685,0.1716,1
Faina,GO,0.0,-0.0632,-0.0682,0.0,-0.1227,-0.0021,0.0,0.6908,0.4421,0.2989,0.1508,0.326,0.3987,0.3099,0.2421,0.1093,0.5033,0.3375,2
Estrela do Norte,GO,0.0,-0.0552,-0.094,0.0,-0.1812,-0.0045,0.0,0.849,0.2873,0.3464,0.3587,0.4332,0.5095,0.3991,0.4256,0.4404,0.5845,0.5137,3
Palestina de Goiás,GO,0.0,-0.063,-0.0627,0.0019,-0.0755,-0.0,0.0,0.5999,0.3307,0.4233,0.2008,0.2662,0.5121,0.4369,0.5234,0.1525,0.499,0.5192,1
Fazenda Nova,GO,0.0,-0.0621,-0.0741,0.0,-0.1139,-0.0012,0.0,0.7046,0.5299,0.3685,0.2447,0.3316,0.5015,0.3971,0.4309,0.2265,0.6155,0.4899,2
Edéia,GO,0.0,-0.0569,-0.0728,0.01,-0.079,0.0,0.0,0.4807,0.3924,0.5196,0.4241,0.2938,0.7724,0.5427,0.6322,0.5001,0.4681,0.4554,1
Nova Veneza,GO,0.0,-0.06,-0.0466,0.0206,-0.088,0.0,0.0,0.7847,0.578,0.5825,0.2964,0.4104,0.4923,0.584,0.6088,0.1639,0.5515,0.6775,0
Nova Crixás,GO,0.0,-0.0614,-0.1484,0.0,-0.2717,-0.0102,0.0,0.6357,0.4008,0.3153,0.3535,0.3446,0.3915,0.2141,0.1232,0.399,0.4575,0.1245,3
Nova Aurora,GO,0.0,-0.0562,-0.0152,0.0242,-0.0577,0.0,0.0,0.6859,0.6357,0.3617,0.1983,0.3038,0.419,0.3813,0.3019,0.0716,0.4605,0.4351,0
Nova Roma,GO,-0.0097,-0.0394,-0.0239,0.0032,-0.0575,0.0,-0.0037,0.7782,0.7381,0.1867,0.1208,0.2406,0.2595,0.2028,0.2352,0.1152,0.2671,0.238,2
Nova Iguaçu de Goiás,GO,0.0,-0.0564,-0.087,0.0,-0.1858,-0.0049,0.0,0.6775,0.3997,0.3047,0.1506,0.3969,0.4217,0.3572,0.222,0.1062,0.5127,0.4105,3
Nova Glória,GO,0.0,-0.0623,-0.097,0.0,-0.1643,-0.0003,0.0,0.6841,0.3048,0.4929,0.5733,0.5143,0.7335,0.5521,0.7087,0.7243,0.7385,0.4832,2
Novo Gama,GO,0.0,-0.0611,-0.0014,0.0321,-0.0429,0.0,0.0,0.5607,0.6049,0.2894,0.1359,0.2989,0.3314,0.1893,0.3936,0.0396,0.3441,0.1933,0
Damolândia,GO,0.0,-0.0603,-0.0517,0.0153,-0.0872,0.0,0.0,0.8003,0.6199,0.6062,0.2419,0.3996,0.4087,0.6225,0.5423,0.0868,0.4529,0.6832,0
Novo Brasil,GO,0.0,-0.0618,-0.0877,0.0,-0.1356,-0.0007,0.0,0.7798,0.5932,0.445,0.1842,0.4076,0.5506,0.4348,0.5988,0.1495,0.7002,0.5569,3
Cumari,GO,0.0,-0.056,-0.0145,0.0226,-0.0561,0.0,0.0,0.6643,0.6173,0.3839,0.177,0.3037,0.5167,0.4636,0.3978,0.1351,0.5582,0.602,1
Novo Planalto,GO,0.0,-0.0587,-0.1498,0.0,-0.2714,-0.0089,0.0,0.7278,0.3702,0.2952,0.3621,0.3446,0.3572,0.1717,0.0618,0.4296,0.3915,0.0606,3
Damianópolis,GO,-0.0185,-0.03,-0.0495,0.0016,-0.1009,0.0,-0.0136,0.7037,0.5637,0.3554,0.078,0.3988,0.4301,0.251,0.4705,0.0487,0.4659,0.309,3
Diorama,GO,0.0,-0.0633,-0.0811,0.0,-0.116,-0.0029,0.0,0.6079,0.3939,0.3671,0.2271,0.3068,0.5304,0.3759,0.4005,0.1874,0.6017,0.448,2
Davinópolis,GO,0.0,-0.0567,-0.0035,0.0287,-0.0433,0.0,0.0,0.5932,0.6095,0.3112,0.1551,0.2711,0.35,0.3123,0.3089,0.0748,0.352,0.3575,1
Nazário,GO,0.0,-0.0594,-0.0708,0.0163,-0.1048,0.0,0.0,0.83,0.5756,0.6026,0.4566,0.4257,0.6959,0.637,0.757,0.5128,0.6376,0.7721,1
Nerópolis,GO,0.0,-0.0598,-0.036,0.028,-0.0785,0.0,0.0,0.7546,0.6309,0.5446,0.3207,0.3836,0.4729,0.5637,0.5939,0.3236,0.4818,0.6508,0
Cristianópolis,GO,0.0,-0.0575,-0.0219,0.0252,-0.071,0.0,0.0,0.7787,0.6005,0.46,0.2315,0.3611,0.5514,0.4591,0.6445,0.1633,0.4064,0.5695,0
Nova América,GO,0.0,-0.0631,-0.1108,0.0,-0.144,-0.0029,0.0,0.7273,0.616,0.4578,0.0565,0.3748,0.462,0.4956,0.5547,0.011,0.537,0.5946,2
Cristalina,GO,0.0,-0.0594,-0.0022,0.0561,-0.0651,0.0,0.0,0.6357,0.4631,0.4632,0.2215,0.46,0.5996,0.3297,0.6454,0.1461,0.2093,0.3773,0
Cromínia,GO,0.0,-0.0575,-0.0481,0.0062,-0.0807,0.0,0.0,0.6637,0.4459,0.4613,0.1298,0.336,0.6325,0.5146,0.6267,0.0729,0.6725,0.6538,0
Niquelândia,GO,0.0,-0.0559,-0.0262,0.0015,-0.058,-0.0001,0.0,0.7143,0.4221,0.1634,0.0919,0.2094,0.2276,0.1787,0.1817,0.0872,0.1901,0.2074,2
Crixás,GO,0.0,-0.0622,-0.0936,0.0,-0.2167,-0.0075,0.0,0.6363,0.4677,0.2775,0.1479,0.3215,0.4142,0.256,0.183,0.1284,0.545,0.2407,3
Mossâmedes,GO,0.0,-0.0608,-0.0913,0.002,-0.1129,0.0,0.0,0.8491,0.6053,0.603,0.1558,0.4064,0.578,0.6715,0.6926,0.1446,0.6151,0.7315,1
Vila Boa,GO,0.0,-0.0483,-0.0148,0.0207,-0.0889,0.0,-0.0006,0.7128,0.2632,0.2681,0.1805,0.4636,0.4705,0.272,0.2692,0.1544,0.494,0.3163,2
Mozarlândia,GO,0.0,-0.0645,-0.1226,0.0,-0.2791,-0.0099,0.0,0.6632,0.3312,0.3636,0.4191,0.385,0.5262,0.2665,0.3023,0.539,0.6693,0.1813,3
Vianópolis,GO,0.0,-0.0587,-0.0082,0.0368,-0.0775,0.0,0.0,0.7069,0.4179,0.5439,0.2053,0.4643,0.5786,0.5119,0.7149,0.1179,0.2151,0.6676,0
Morrinhos,GO,0.0,-0.0571,-0.048,0.0179,-0.0702,0.0,0.0,0.6514,0.3656,0.5022,0.3156,0.3012,0.6159,0.4973,0.6782,0.2932,0.5036,0.5727,0
Montividiu do Norte,GO,0.0,-0.053,-0.0781,0.0,-0.155,-0.0032,0.0,0.8334,0.3825,0.2899,0.23,0.3857,0.4286,0.3239,0.3011,0.2564,0.5182,0.3777,3
Vicentinópolis,GO,0.0,-0.0572,-0.0816,0.0136,-0.0774,0.0,0.0,0.4555,0.2227,0.5909,0.5285,0.2883,0.8281,0.6599,0.8285,0.6864,0.3622,0.6115,0
Córrego do Ouro,GO,0.0,-0.0607,-0.0768,0.0005,-0.0973,0.0,0.0,0.7848,0.4343,0.4534,0.114,0.3263,0.4383,0.5086,0.5229,0.1035,0.4936,0.5973,2
Morro Agudo de Goiás,GO,0.0,-0.0629,-0.106,0.0,-0.134,-0.0009,0.0,0.7547,0.5393,0.5087,0.1047,0.3969,0.5231,0.5093,0.6202,0.0307,0.6163,0.6786,1
Corumbá de Goiás,GO,0.0,-0.0619,-0.012,0.0267,-0.0682,0.0,0.0,0.7299,0.6357,0.4275,0.1696,0.3915,0.3719,0.4306,0.4947,0.061,0.3396,0.5288,0
Mundo Novo,GO,0.0,-0.059,-0.1636,0.0,-0.2893,-0.0115,0.0,0.6783,0.5761,0.3472,0.402,0.3671,0.4521,0.2801,0.203,0.4801,0.5781,0.2578,3
Vila Propício,GO,0.0,-0.0629,-0.0253,0.0199,-0.0829,0.0,0.0,0.7263,0.3403,0.3254,0.2582,0.3974,0.4843,0.3364,0.4517,0.2695,0.401,0.2961,1
Mutunópolis,GO,0.0,-0.0566,-0.1162,0.0,-0.2535,-0.0083,0.0,0.7709,0.3339,0.366,0.3893,0.4504,0.5639,0.3997,0.3168,0.4513,0.718,0.473,3
Uruaçu,GO,0.0,-0.0561,-0.068,0.0,-0.1254,-0.002,0.0,0.7155,0.3466,0.2782,0.2575,0.3321,0.4004,0.3217,0.2775,0.2868,0.3477,0.3552,3
Uirapuru,GO,0.0,-0.0592,-0.1243,0.0,-0.2926,-0.0106,0.0,0.6483,0.4189,0.3197,0.2734,0.3701,0.4816,0.2931,0.1916,0.259,0.6481,0.283,3
Moiporá,GO,0.0,-0.0609,-0.062,0.0005,-0.0874,0.0,0.0,0.7281,0.3491,0.3701,0.174,0.2929,0.3807,0.4113,0.3672,0.1078,0.4227,0.4792,2
Uruana,GO,0.0,-0.062,-0.0694,0.0072,-0.131,0.0,0.0,0.7125,0.3977,0.4891,0.494,0.495,0.6775,0.5834,0.6924,0.6111,0.7356,0.7209,1
Monte Alegre de Goiás,GO,-0.0159,-0.0346,-0.0329,0.0005,-0.0741,0.0,-0.006,0.7592,0.6042,0.1927,0.0927,0.2727,0.3119,0.2193,0.2567,0.0848,0.3339,0.2704,2
Turvânia,GO,0.0,-0.0596,-0.0822,0.0108,-0.1171,0.0,0.0,0.8434,0.4267,0.6168,0.4615,0.4486,0.7889,0.5656,0.827,0.5306,0.573,0.6641,0
Corumbaíba,GO,0.0,-0.0563,-0.02,0.0189,-0.0526,0.0,0.0,0.688,0.5202,0.3625,0.1913,0.2645,0.4688,0.3968,0.403,0.1112,0.4764,0.4909,0
Trombas,GO,0.0,-0.0532,-0.068,0.0,-0.142,-0.0018,0.0,0.8202,0.5343,0.2766,0.2319,0.3909,0.4047,0.3213,0.3147,0.2673,0.484,0.3873,3
Turvelândia,GO,0.0,-0.0569,-0.0929,0.0127,-0.0653,0.0,0.0,0.3133,0.2947,0.6249,0.5983,0.238,0.8277,0.7356,0.8257,0.795,0.3173,0.6814,1
Caturaí,GO,0.0,-0.0597,-0.0654,0.0212,-0.1032,0.0,0.0,0.8568,0.4667,0.6417,0.4434,0.444,0.6679,0.6292,0.761,0.4845,0.6966,0.7466,0
Cavalcante,GO,0.0,-0.0585,-0.0077,0.0006,-0.0183,0.0,0.0,0.762,0.7718,0.0725,0.0148,0.0829,0.079,0.0745,0.0834,0.0118,0.0867,0.0919,2
Valparaíso de Goiás,GO,0.0,-0.0612,-0.0003,0.0083,-0.0078,0.0,0.0,0.3064,0.6174,0.0659,0.0339,0.0554,0.0796,0.0593,0.0897,0.0097,0.0877,0.0838,0
Catalão,GO,0.0,-0.0571,-0.0058,0.0256,-0.0525,0.0,0.0,0.6481,0.4083,0.4038,0.1412,0.3174,0.5002,0.3735,0.5141,0.0702,0.2734,0.4522,0
Montividiu,GO,0.0,-0.0613,-0.0499,0.0225,-0.0459,0.0,0.0,0.5648,0.2306,0.6915,0.2466,0.2168,0.7476,0.7109,0.8394,0.2158,0.083,0.8369,0
Varjão,GO,0.0,-0.0579,-0.0463,0.0079,-0.0731,0.0,0.0,0.6445,0.5977,0.3919,0.2182,0.2921,0.4649,0.474,0.4806,0.1667,0.4634,0.5697,1
Montes Claros de Goiás,GO,0.0,-0.0643,-0.0908,0.0,-0.1412,-0.005,0.0,0.5995,0.3146,0.3633,0.3696,0.3098,0.4866,0.2707,0.3118,0.4391,0.5074,0.2263,3
Cidade Ocidental,GO,0.0,-0.0611,-0.0016,0.0391,-0.0458,0.0,0.0,0.6277,0.5955,0.3265,0.1483,0.3363,0.3754,0.2474,0.4303,0.052,0.3327,0.2978,0
Chapadão do Céu,GO,0.0,-0.0629,-0.0367,0.0132,-0.0023,0.0,0.0013,0.1202,0.4318,0.6059,0.1181,0.0115,0.6723,0.6167,0.7681,0.0743,0.2071,0.6477,0
Urutaí,GO,0.0,-0.0573,-0.0111,0.0325,-0.0671,0.0,0.0,0.7708,0.5695,0.4135,0.2239,0.3672,0.5238,0.4402,0.5532,0.1164,0.4946,0.583,0
Cezarina,GO,0.0,-0.0579,-0.0536,0.0143,-0.0873,0.0,0.0,0.6338,0.4387,0.4293,0.4438,0.3419,0.6617,0.4663,0.6199,0.514,0.5273,0.5909,1
Colinas do Sul,GO,0.0,-0.0569,-0.0098,0.0011,-0.0252,0.0,0.0,0.7397,0.7513,0.0765,0.0314,0.1059,0.1051,0.0975,0.1067,0.0222,0.1265,0.1291,2
Cocalzinho de Goiás,GO,0.0,-0.0629,-0.0074,0.024,-0.0539,0.0,0.0,0.6886,0.5701,0.2848,0.1448,0.3158,0.3094,0.2838,0.3517,0.0966,0.2641,0.3372,0
Marzagão,GO,0.0,-0.0565,-0.0231,0.0185,-0.0578,0.0,0.0,0.6918,0.6294,0.3691,0.203,0.2802,0.4499,0.352,0.4065,0.1261,0.3851,0.4065,0
Teresina de Goiás,GO,0.0,-0.0503,-0.0073,0.0005,-0.0221,0.0,0.0,0.7661,0.7847,0.0641,0.0168,0.098,0.0953,0.0804,0.0732,0.0154,0.1097,0.0976,2
Matrinchã,GO,0.0,-0.0641,-0.0917,0.0,-0.1761,-0.0052,0.0,0.6925,0.3785,0.3445,0.3737,0.3778,0.4732,0.2568,0.2274,0.4854,0.5818,0.1811,3
Ceres,GO,0.0,-0.0624,-0.0973,0.0001,-0.118,0.0,0.0,0.6817,0.535,0.5502,0.3038,0.3959,0.4159,0.5502,0.5294,0.1404,0.452,0.6159,1
Campinorte,GO,0.0,-0.0544,-0.0722,0.0,-0.1379,-0.0029,0.0,0.7782,0.3628,0.2836,0.2184,0.3516,0.405,0.3008,0.2588,0.228,0.3325,0.3334,2
Campo Alegre de Goiás,GO,0.0,-0.0578,-0.0049,0.0296,-0.0551,0.0,0.0,0.7114,0.279,0.4258,0.1572,0.3343,0.4775,0.3959,0.5485,0.1226,0.2371,0.4627,0
Taquaral de Goiás,GO,0.0,-0.0608,-0.0677,0.011,-0.1037,0.0,0.0,0.7659,0.3953,0.5735,0.334,0.4238,0.5061,0.5865,0.6109,0.2785,0.5257,0.6532,0
Mara Rosa,GO,0.0,-0.0569,-0.1173,0.0,-0.2506,-0.008,0.0,0.7513,0.4302,0.3678,0.2696,0.4205,0.5345,0.41,0.3639,0.2431,0.6674,0.5095,3
Campestre de Goiás,GO,0.0,-0.0588,-0.0474,0.0131,-0.0802,0.0,0.0,0.7415,0.6228,0.4161,0.3375,0.3283,0.5333,0.4612,0.5572,0.3202,0.5521,0.5979,1
Caldazinha,GO,0.0,-0.0589,-0.0262,0.025,-0.0749,0.0,0.0,0.734,0.599,0.4979,0.2401,0.3801,0.4804,0.4768,0.5928,0.1603,0.5246,0.6161,1
Trindade,GO,0.0,-0.0592,-0.0559,0.02,-0.0944,0.0,0.0,0.7712,0.5159,0.5497,0.4141,0.4043,0.6188,0.5212,0.6866,0.4982,0.5852,0.6436,0
Campinaçu,GO,0.0,-0.0521,-0.0315,0.0,-0.0529,-0.0,0.0,0.7042,0.5468,0.1531,0.0627,0.1711,0.1684,0.1839,0.164,0.046,0.1724,0.2088,2
Mimoso de Goiás,GO,0.0,-0.062,-0.0169,0.0176,-0.0598,0.0,0.0,0.7377,0.5382,0.2573,0.1696,0.3014,0.3417,0.2241,0.3509,0.1466,0.2567,0.2569,1
Terezópolis de Goiás,GO,0.0,-0.0598,-0.0295,0.0386,-0.0829,0.0,0.0,0.7529,0.6311,0.5379,0.3801,0.4215,0.5516,0.5181,0.6355,0.4245,0.5178,0.6339,1
Maurilândia,GO,0.0,-0.0575,-0.0918,0.0161,-0.0583,0.0,0.0,0.204,0.4171,0.6337,0.6384,0.216,0.8693,0.7617,0.872,0.7987,0.3448,0.6744,1
Três Ranchos,GO,0.0,-0.0561,-0.0076,0.0375,-0.0379,0.0,0.0,0.5484,0.5171,0.3397,0.2309,0.2212,0.4396,0.3719,0.3976,0.0841,0.4689,0.4759,0
Campos Verdes,GO,0.0,-0.0586,-0.1289,0.0,-0.3633,-0.0108,0.0,0.6584,0.4337,0.3709,0.3472,0.4643,0.5741,0.3661,0.1773,0.3715,0.7921,0.3741,3
Mineiros,GO,0.0,-0.0655,-0.0256,0.0065,-0.0088,0.0,0.0002,0.389,0.449,0.4478,0.0579,0.0441,0.4889,0.4249,0.553,0.0275,0.4338,0.4488,0
Castelândia,GO,0.0,-0.0578,-0.0829,0.0116,-0.0557,0.0,0.0,0.1666,0.4159,0.5849,0.427,0.2088,0.8291,0.6769,0.8297,0.4983,0.5335,0.6491,1
Minaçu,GO,0.0,-0.0528,-0.0285,0.0001,-0.0546,-0.0,0.0,0.7541,0.6803,0.1487,0.0783,0.1877,0.1853,0.1855,0.1991,0.0641,0.2109,0.2199,2
Silvânia,GO,0.0,-0.0594,-0.0092,0.0403,-0.0738,0.0,0.0,0.6686,0.4741,0.4971,0.2323,0.4408,0.5588,0.434,0.6558,0.15,0.2568,0.5412,0
Carmo do Rio Verde,GO,0.0,-0.0624,-0.0892,0.0018,-0.1359,0.0,0.0,0.7268,0.5787,0.5416,0.4834,0.4741,0.6692,0.6114,0.7343,0.5033,0.738,0.6685,1
Campo Limpo de Goiás,GO,0.0,-0.0603,-0.0345,0.0328,-0.0831,0.0,0.0,0.7612,0.6384,0.5631,0.3503,0.4144,0.4986,0.524,0.5856,0.3441,0.4719,0.6176,0
Campos Belos,GO,-0.0198,-0.0287,-0.0524,0.0,-0.1058,0.0,-0.0088,0.7539,0.5135,0.2701,0.1736,0.3605,0.4086,0.2522,0.3778,0.1562,0.4283,0.3016,3
Senador Canedo,GO,0.0,-0.059,-0.0228,0.024,-0.0599,0.0,0.0,0.6009,0.5801,0.3636,0.2651,0.2941,0.4343,0.3377,0.4996,0.2595,0.4427,0.4276,0
Lagoa Santa,GO,0.0,-0.0536,-0.0341,0.027,-0.0022,0.0,0.0,0.0088,0.4744,0.4074,0.3932,0.011,0.5418,0.2887,0.3528,0.3142,0.6925,0.2145,1
Cachoeira de Goiás,GO,0.0,-0.06,-0.0572,0.0008,-0.0812,0.0,0.0,0.7109,0.4893,0.3688,0.081,0.2874,0.4679,0.3637,0.4645,0.0351,0.5675,0.4321,1
Serranópolis,GO,0.0,-0.0628,-0.0167,0.0189,-0.0017,0.0,0.0,0.2612,0.4187,0.3701,0.1369,0.0092,0.4467,0.2666,0.4249,0.0813,0.4544,0.2366,0
Leopoldo de Bulhões,GO,0.0,-0.0594,-0.0208,0.0334,-0.0748,0.0,0.0,0.7284,0.5685,0.5312,0.2603,0.4005,0.4755,0.5348,0.6062,0.1795,0.3211,0.6475,0
Cachoeira Dourada,GO,0.0,-0.0592,-0.0837,0.017,-0.0504,0.0,0.0,0.3126,0.2595,0.629,0.5755,0.1907,0.8364,0.7804,0.849,0.7187,0.6491,0.5599,1
Cachoeira Alta,GO,0.0,-0.0586,-0.0469,0.0197,-0.0058,0.0,0.0,0.0565,0.2434,0.478,0.2922,0.0256,0.6559,0.5185,0.6689,0.2472,0.733,0.5997,0
Mambaí,GO,-0.0172,-0.0298,-0.021,0.0013,-0.0549,0.0,-0.0027,0.6536,0.5797,0.159,0.0552,0.2243,0.2369,0.0458,0.1828,0.0338,0.2594,0.0216,3
Sítio d'Abadia,GO,-0.0179,-0.0301,-0.041,0.0017,-0.1039,0.0,-0.0093,0.6942,0.5074,0.3126,0.0668,0.4182,0.4248,0.1784,0.4083,0.0486,0.4216,0.171,3
Simolândia,GO,-0.0167,-0.0302,-0.0644,0.0035,-0.1572,0.0,-0.0133,0.6345,0.5705,0.4206,0.2276,0.593,0.6527,0.2843,0.5283,0.216,0.7065,0.2989,3
Luziânia,GO,0.0,-0.0599,-0.0016,0.0478,-0.0519,0.0,0.0,0.5906,0.3873,0.354,0.2003,0.3608,0.4019,0.2583,0.4623,0.1291,0.2897,0.289,0
Mairipotaba,GO,0.0,-0.0573,-0.0485,0.0111,-0.0733,0.0,0.0,0.6332,0.4433,0.4224,0.2775,0.2933,0.5803,0.4809,0.5643,0.2351,0.5023,0.6047,0
Caldas Novas,GO,0.0,-0.0565,-0.0198,0.024,-0.0554,0.0,0.0,0.7336,0.5495,0.3519,0.2425,0.2729,0.5089,0.2875,0.4973,0.2014,0.3437,0.3336,0
Jataí,GO,0.0,-0.0622,-0.0206,0.0281,-0.0057,0.0,0.0,0.4125,0.3702,0.5473,0.1928,0.0317,0.6305,0.5498,0.7041,0.131,0.3388,0.641,0
São João da Paraúna,GO,0.0,-0.0588,-0.0809,0.0075,-0.1178,0.0,0.0,0.695,0.5155,0.5379,0.5103,0.4256,0.8156,0.5507,0.7081,0.6788,0.4241,0.6931,0
São Luiz do Norte,GO,0.0,-0.0623,-0.0759,0.0003,-0.1412,-0.0003,0.0,0.7185,0.3894,0.3897,0.4781,0.4507,0.6149,0.47,0.5658,0.6312,0.6199,0.3351,3
Caçu,GO,0.0,-0.0572,-0.04,0.0275,-0.0023,0.0,-0.0,0.056,0.2997,0.457,0.3726,0.0111,0.609,0.4385,0.6001,0.338,0.7459,0.4009,1
Caiapônia,GO,0.0,-0.0638,-0.0347,0.0048,-0.0395,0.0,0.0,0.5825,0.3813,0.3883,0.0902,0.1705,0.4459,0.4014,0.4985,0.0623,0.4015,0.4875,0
São Luís de Montes Belos,GO,0.0,-0.0601,-0.085,0.0014,-0.1253,0.0,0.0,0.8269,0.4579,0.5592,0.1404,0.4491,0.7075,0.6225,0.7605,0.0869,0.7923,0.8087,2
São João d'Aliança,GO,-0.0,-0.059,-0.013,0.0132,-0.0585,0.0,-0.0,0.8308,0.5729,0.2291,0.1136,0.3039,0.3089,0.2188,0.296,0.0936,0.2086,0.2765,1
Jaraguá,GO,0.0,-0.0618,-0.0474,0.0131,-0.0968,0.0,0.0,0.7147,0.5417,0.4288,0.3402,0.4092,0.5228,0.4935,0.5654,0.3392,0.5657,0.6216,1
Bonópolis,GO,0.0,-0.0579,-0.1318,0.0,-0.2889,-0.0098,0.0,0.6685,0.5462,0.3006,0.3468,0.3662,0.4152,0.2194,0.0896,0.3787,0.481,0.1468,3
Bonfinópolis,GO,0.0,-0.0593,-0.0236,0.0224,-0.0712,0.0,0.0,0.7194,0.6109,0.4576,0.212,0.3649,0.4473,0.4603,0.5536,0.1687,0.4589,0.5847,0
Joviânia,GO,0.0,-0.0575,-0.0752,0.0111,-0.0741,0.0,0.0,0.4993,0.2631,0.5701,0.3798,0.28,0.7519,0.5863,0.7929,0.3738,0.2415,0.7379,0
São Simão,GO,0.0,-0.0495,-0.0562,0.0213,-0.0025,0.0,-0.0001,0.009,0.4405,0.4793,0.4835,0.0106,0.6813,0.468,0.669,0.4905,0.7791,0.402,1
Jussara,GO,0.0,-0.0643,-0.0965,0.0,-0.1882,-0.0059,0.0,0.6346,0.3838,0.339,0.363,0.3067,0.4094,0.2059,0.2511,0.4119,0.4741,0.1256,3
São Miguel do Araguaia,GO,0.0,-0.0587,-0.2018,0.0,-0.2212,-0.0105,0.0,0.7667,0.4976,0.2887,0.29,0.2819,0.3495,0.1898,0.1266,0.28,0.4124,0.1222,3
Brazabrantes,GO,0.0,-0.0599,-0.0556,0.0286,-0.0997,0.0,0.0,0.834,0.5091,0.6451,0.4514,0.4544,0.6224,0.591,0.7095,0.4687,0.6584,0.7198,1
Jaupaci,GO,0.0,-0.0626,-0.0701,0.0,-0.1142,-0.0016,0.0,0.6626,0.5666,0.3353,0.2674,0.3212,0.4908,0.3609,0.3401,0.2356,0.5892,0.4418,2
Buritinópolis,GO,-0.0173,-0.0299,-0.0652,0.0013,-0.1301,0.0,-0.0168,0.6585,0.621,0.4359,0.0872,0.4971,0.5403,0.3162,0.587,0.0479,0.5835,0.3694,3
Buriti de Goiás,GO,0.0,-0.061,-0.0668,0.0,-0.1051,0.0,0.0,0.7697,0.638,0.382,0.0133,0.3471,0.4775,0.4437,0.4266,0.0,0.5643,0.5961,2
São Patrício,GO,0.0,-0.0626,-0.1121,0.0,-0.1481,0.0,0.0,0.7644,0.6505,0.623,0.365,0.4879,0.6418,0.6374,0.7518,0.309,0.7131,0.7012,1
São Miguel do Passa Quatro,GO,0.0,-0.0581,-0.0178,0.0259,-0.0698,0.0,0.0,0.7533,0.4761,0.4923,0.2005,0.3726,0.4637,0.5299,0.591,0.1101,0.2863,0.632,0
Jesúpolis,GO,0.0,-0.061,-0.0621,0.017,-0.1113,0.0,0.0,0.7808,0.518,0.6004,0.3757,0.4805,0.663,0.598,0.7775,0.3539,0.7443,0.7728,0
Cabeceiras,GO,0.0,-0.0496,-0.0116,0.0394,-0.0928,0.0,-0.0025,0.7439,0.294,0.4333,0.2426,0.532,0.6153,0.2915,0.5933,0.2297,0.2897,0.3146,0
Britânia,GO,0.0,-0.065,-0.0997,0.0,-0.2362,-0.0056,0.0,0.6353,0.4051,0.3174,0.3577,0.3272,0.3007,0.1465,0.1218,0.3783,0.2555,0.0394,3
Buriti Alegre,GO,0.0,-0.0573,-0.041,0.0125,-0.0547,0.0,0.0,0.6003,0.4938,0.4548,0.1951,0.2407,0.5271,0.4449,0.5709,0.1315,0.3899,0.5312,0
Santa Tereza de Goiás,GO,0.0,-0.0547,-0.0833,0.0,-0.185,-0.0036,0.0,0.8175,0.3336,0.3145,0.3672,0.4625,0.4801,0.318,0.2314,0.484,0.6026,0.3364,3
Santa Rita do Novo Destino,GO,0.0,-0.0613,-0.0511,0.0018,-0.1061,-0.0,0.0,0.7373,0.3181,0.3077,0.2959,0.3733,0.4435,0.3587,0.3823,0.331,0.4037,0.4198,2
Barro Alto,GO,0.0,-0.061,-0.0391,0.0061,-0.0798,0.0,0.0,0.726,0.3454,0.2838,0.2298,0.311,0.3536,0.3125,0.345,0.2303,0.318,0.3105,2
Santa Rita do Araguaia,GO,0.0,-0.0669,-0.0251,0.0079,-0.0155,0.0,0.0,0.3742,0.5944,0.3685,0.1004,0.0735,0.3932,0.3227,0.4386,0.0704,0.4342,0.3508,0
Santa Rosa de Goiás,GO,0.0,-0.0607,-0.0651,0.0159,-0.111,0.0,0.0,0.7997,0.4866,0.5994,0.3892,0.4697,0.6035,0.6269,0.7233,0.4443,0.589,0.742,0
Itauçu,GO,0.0,-0.0604,-0.0701,0.0101,-0.0973,0.0,0.0,0.8262,0.4437,0.6202,0.2714,0.4038,0.4564,0.6452,0.6064,0.1488,0.497,0.7141,0
São Domingos,GO,-0.0191,-0.0293,-0.0538,0.0007,-0.1236,0.0,-0.0142,0.7274,0.6322,0.3218,0.1166,0.4566,0.5033,0.2887,0.4458,0.1068,0.494,0.3331,3
São Francisco de Goiás,GO,0.0,-0.0612,-0.0455,0.0252,-0.1003,0.0,0.0,0.7536,0.5722,0.5306,0.3949,0.4623,0.5973,0.5534,0.6832,0.439,0.6227,0.7045,1
Itarumã,GO,0.0,-0.0566,-0.0343,0.0241,-0.0022,0.0,-0.0001,0.0304,0.3307,0.4279,0.3031,0.0109,0.5798,0.383,0.4976,0.2605,0.7099,0.3507,1
Santo Antônio da Barra,GO,0.0,-0.0573,-0.0736,0.0124,-0.0584,0.0,0.0,0.3468,0.3124,0.5482,0.4413,0.2247,0.7604,0.6309,0.757,0.5068,0.4025,0.6885,1
Santa Terezinha de Goiás,GO,0.0,-0.0588,-0.1267,0.0,-0.3091,-0.0103,0.0,0.6609,0.3469,0.374,0.364,0.4433,0.5689,0.4075,0.2864,0.3695,0.7499,0.469,3
Baliza,GO,0.0,-0.0651,-0.0397,0.0008,-0.0432,0.0,0.0,0.6549,0.3932,0.2721,0.1013,0.1495,0.3328,0.2435,0.3361,0.0735,0.3652,0.2838,1
Ivolândia,GO,0.0,-0.0614,-0.0594,0.0007,-0.0784,-0.0,0.0,0.6555,0.3413,0.3776,0.148,0.2713,0.4504,0.407,0.4653,0.1247,0.5134,0.5007,2
Santo Antônio do Descoberto,GO,0.0,-0.0613,-0.0012,0.0296,-0.0374,0.0,0.0,0.6034,0.6626,0.2349,0.1358,0.2497,0.2498,0.139,0.3031,0.0798,0.2563,0.1339,0
Bom Jardim de Goiás,GO,0.0,-0.0646,-0.0561,0.0,-0.0752,-0.0006,0.0,0.5914,0.3391,0.3056,0.1768,0.2216,0.3867,0.2566,0.2488,0.1253,0.402,0.2339,2
Jandaia,GO,0.0,-0.0578,-0.067,0.0079,-0.0899,0.0,0.0,0.5726,0.3501,0.4674,0.392,0.3324,0.6966,0.4963,0.5577,0.4281,0.5799,0.5293,1
Santo Antônio de Goiás,GO,0.0,-0.0596,-0.042,0.0319,-0.0859,0.0,0.0,0.7947,0.5599,0.5566,0.4269,0.4057,0.6197,0.5095,0.6728,0.5578,0.6415,0.6559,0
Bom Jesus de Goiás,GO,0.0,-0.0583,-0.0897,0.0153,-0.061,0.0,0.0,0.3324,0.2783,0.6589,0.5335,0.2296,0.857,0.7452,0.8754,0.6496,0.348,0.72,1
Itumbiara,GO,0.0,-0.0585,-0.0717,0.0162,-0.0563,0.0,0.0,0.4219,0.3332,0.5894,0.4444,0.2228,0.7889,0.7141,0.8064,0.5282,0.5112,0.6234,0
Bela Vista de Goiás,GO,0.0,-0.0583,-0.0292,0.0309,-0.0814,0.0,0.0,0.7478,0.4949,0.5331,0.3122,0.4073,0.6229,0.4954,0.7144,0.291,0.4915,0.6293,0
Santa Bárbara de Goiás,GO,0.0,-0.0593,-0.0632,0.0227,-0.104,0.0,0.0,0.836,0.5822,0.5864,0.5274,0.4367,0.6927,0.5995,0.784,0.6772,0.6346,0.7597,1
Rubiataba,GO,0.0,-0.0629,-0.1037,0.0,-0.1423,-0.0012,0.0,0.7167,0.5778,0.4828,0.2254,0.4126,0.4731,0.5155,0.5581,0.1395,0.5407,0.6009,2
Sanclerlândia,GO,0.0,-0.0606,-0.0899,0.0011,-0.1315,0.0,0.0,0.8347,0.5082,0.5585,0.213,0.4555,0.7076,0.6319,0.747,0.143,0.8072,0.814,2
Itapaci,GO,0.0,-0.0626,-0.0858,0.0,-0.1281,-0.0019,0.0,0.6692,0.4479,0.3681,0.252,0.3477,0.4372,0.4314,0.4403,0.2649,0.4683,0.443,2
Santa Helena de Goiás,GO,0.0,-0.0574,-0.0946,0.0161,-0.0577,0.0,0.0,0.2574,0.4441,0.6818,0.5656,0.2191,0.8634,0.7898,0.8707,0.721,0.2824,0.733,1
Brasília,DF,0.0,-0.0622,-0.0014,0.0383,-0.0385,0.0,0.0,0.6461,0.6271,0.2806,0.1397,0.2867,0.3412,0.1759,0.372,0.0682,0.1793,0.1953,0
