k,inertia,silhouette_calib,davies_bouldin_calib,gap,s_k,ari_subsample,ari_subsample_std,silhouette_val,davies_bouldin_val,ari_holdout
2,49923.89562573823,0.16781056160269292,2.0865894215612006,2.0193459999401107,0.002276717604412408,0.9770974830174233,0.010196671196375946,0.22263036330000333,1.7511351423327464,0.727707486060237
3,43540.46706193706,0.17717525412417018,1.803818311756879,2.0641891700667703,0.0026126756960325307,0.7251428348960202,0.30664597523958864,0.2233795600255039,1.5768810034627048,0.4870912722024313
4,37543.361318416166,0.21277208719677546,1.5324453929630009,2.140894365324179,0.0029594319675342175,0.9862324879136197,0.0055718997296143515,0.22463277863038794,1.5245289578902952,0.7927533686112653
5,34554.55371997567,0.20678317288655818,1.5214050905616232,2.1693606327181545,0.0038442750223451395,0.7591780022294313,0.20081961709248103,0.21321378859919018,1.4328218210166415,0.6768543286180654
6,31707.350138770536,0.2170993043810686,1.4716099867059018,2.1842838587406455,0.002727848851420948,0.792584048506021,0.17621422881004595,0.23491574264334358,1.3997371798749614,0.7190550480755751
7,29206.98349071244,0.19365607305940435,1.5199091802452025,2.227822289011659,0.003272337054932996,0.8710373924958282,0.15819869308303505,0.18853649864375607,1.6639625808244618,0.5918715049284163
8,27272.09239957608,0.20373585761732163,1.4239169336053634,2.267296786639804,0.0028325942234433995,0.9344790884259848,0.05056297717776671,0.18539097216574024,1.6122549115304372,0.5527601927188761
9,25885.321041788135,0.1993661668020331,1.4231891173747548,2.288164401452594,0.0041907972818890265,0.959445177721289,0.017529033807764195,0.1696237533738396,1.569687631573829,0.5166248605092945
10,24654.829691605817,0.2017765100865187,1.4228821170924166,2.3073128241436436,0.0032523291503758,0.95126416481883,0.0771552979119584,0.17867983589104175,1.54794787000545,0.6130735629355728
11,23567.00730249699,0.20099099673872997,1.3731935838094262,2.326623568231552,0.0037833687948783373,0.9476455089803963,0.07921069507250326,0.18964986563696612,1.6469430561213627,0.5647397050754113
12,22659.01977358493,0.19666433970946,1.4115137232996344,2.3408741321312245,0.0037045913173260688,0.9674509381674776,0.008218827699220313,0.18440453918135707,1.6387423835952266,0.6229979294535738
13,21998.040744178037,0.19510528096589638,1.4780222827617207,2.3441092983222145,0.0025532753702525077,0.8875456332181688,0.07546827724717313,0.17483038674889242,1.7338479159060323,0.6216376576550026
14,21377.64798681367,0.19507140616329324,1.4741657932663634,2.34827855857392,0.0031829476940560364,0.8266262153349329,0.07225760120293483,0.1741879293604125,1.6855262137618834,0.5428920905055282
15,20836.19393938209,0.19467140365676044,1.4554479846218027,2.3463517351707495,0.004075386572186651,0.8570490253937156,0.06149725519096621,0.17073137228899782,1.6422968283867254,0.5233131575178
16,20387.966258409862,0.18701801336704935,1.4731560298452482,2.3398415356888815,0.001978701823952669,0.834242795260585,0.055289806100202656,0.17075534656750554,1.6618347390052637,0.5513920538723913
17,19968.745891422335,0.18696248435651486,1.5134920806609142,2.3483559463663592,0.0024373217090266834,0.8572230952515238,0.057275799685231166,0.16187067004474162,1.6909927265455362,0.4571241500211466
18,19566.938796137227,0.17948568227270748,1.5157066495917795,2.3560279829340107,0.0017929740958557506,0.8183995403063941,0.0517929560367065,0.14440719007037348,1.6269544670655098,0.522561757574006
19,19147.54559890309,0.18764370174350553,1.5145168778881601,2.365507713064673,0.0032338827258119296,0.7810837662021335,0.05340982935373268,0.1569772423527633,1.76633288708205,0.4970436902246944
20,18777.265513608116,0.17947356677381604,1.5184463436008935,2.370196944727587,0.001946032989712531,0.790325563349887,0.052876042846673924,0.1576100027536552,1.6420939141759732,0.5532627236197841
