segment,factor,w_lit,d,w_final,w_atual,delta
soybean,terr_slope,0.3108,0.3136,0.374,0.3857,-0.0117
soybean,soil_clay,0.1958,0.3319,0.2424,0.2124,0.03
soybean,soil_ph,0.4934,0.1309,0.3836,0.3536,0.03
sugarcane,terr_slope,0.3333,0.2422,0.3022,0.2203,0.0819
sugarcane,soil_awc,0.3333,0.2682,0.318,0.2319,0.0861
sugarcane,soil_clay,0.3333,0.3826,0.3798,0.2454,0.1344
other_crops,terr_slope,0.0874,0.3136,0.1223,0.1223,0.0
other_crops,soil_soc,0.4629,0.216,0.5378,0.5378,0.0
other_crops,clim_gdd,0.1978,0.0772,0.1374,0.1374,0.0
other_crops,soil_ph,0.1824,0.1309,0.1649,0.1649,0.0
other_crops,clim_pr_cv,0.0695,0.047,0.0376,0.0376,0.0
pisciculture,terr_slope,0.0974,0.3917,0.1101,0.1101,0.0
pisciculture,soil_clay,0.1517,0.2591,0.1395,0.1395,0.0
pisciculture,sit_water_dist_seas,0.4423,0.3634,0.4815,0.4815,0.0
pisciculture,water_drain_density,0.0486,0.357,0.0525,0.0525,0.0
pisciculture,clim_twarm_q,0.26,0.2122,0.2164,0.2164,0.0
cattle,clim_soil_moist,0.6483,0.2835,0.6969,0.6969,0.0
cattle,terr_slope,0.2297,0.1374,0.1719,0.1719,0.0
cattle,soil_soc,0.122,0.2836,0.1312,0.1312,0.0
conservation,cv_pa_dist,0.3164,0.3548,0.3522,0.3522,0.0
conservation,cv_carbon,0.1706,0.2958,0.1734,0.1734,0.0
conservation,cv_ruggedness,0.1706,0.2825,0.1695,0.1695,0.0
conservation,terr_twi,0.0678,0.3123,0.0708,0.0708,0.0
conservation,rl_native_frac,0.0838,0.1952,0.0692,0.0692,0.0
conservation,clim_aridity,0.0678,0.2174,0.0591,0.0591,0.0
conservation,terr_slope,0.0267,0.2345,0.0242,0.0242,0.0
conservation,clim_twarm_q,0.0678,0.1509,0.0492,0.0492,0.0
conservation,water_drain_density,0.0285,0.3709,0.0324,0.0324,0.0
solar,clim_srad,0.3784,0.2966,0.4002,0.4002,0.0
solar,sit_clearness,0.1341,0.3016,0.143,0.143,0.0
solar,terr_northing,0.0521,0.3051,0.0559,0.0559,0.0
solar,terr_slope,0.0772,0.3007,0.0822,0.0822,0.0
solar,access_logtt,0.1341,0.3034,0.1434,0.1434,0.0
solar,clim_twarm_q,0.224,0.1625,0.1753,0.1753,0.0
