segment,factor,basis,source,locator,type,points_adotados
soybean,terr_slope,empirico,,,decreasing,"[4, 8]"
soybean,soil_clay,empirico,,,range,"[20, 32, 45, 62]"
soybean,clim_twarm_q,empirico,,,range,"[18, 22, 30, 34]"
soybean,soil_ph,empirico,,,range,"[4.5, 5.5, 6.8, 7.5]"
soybean,clim_pr_annual,empirico,,,range,"[800, 1100, 1800, 2200]"
soybean,clim_aridity,empirico,,,range,"[0.4, 0.7, 1.3, 1.6]"
sugarcane,terr_slope,empirico,,,decreasing,"[5, 10]"
sugarcane,soil_awc,empirico,,,increasing,"[22.1, 33.6]"
sugarcane,soil_clay,empirico,,,range,"[22, 32, 52, 66]"
sugarcane,clim_twarm_q,empirico,aparecido_climate_2021,p. 778,range,"[20, 23, 32, 36]"
sugarcane,clim_pr_annual,literatura,aparecido_climate_2021,p. 778,range,"[900, 1300, 2000, 2600]"
sugarcane,clim_dry_months,empirico,,,range,"[3, 5, 5, 9]"
other_crops,terr_slope,empirico,,,decreasing,"[4, 8]"
other_crops,soil_soc,empirico,,,increasing,"[6, 20]"
other_crops,clim_gdd,literatura,mcmaster_growing_1997,,range,"[2500, 3500, 5500, 7000]"
other_crops,soil_ph,empirico,,,range,"[4.5, 5.5, 6.8, 7.5]"
other_crops,clim_pr_annual,literatura,amaral_metodologia_2023,p. 258,range,"[700, 1000, 1700, 2200]"
other_crops,clim_pr_cv,empirico,,,decreasing,"[0.6, 1.3]"
pisciculture,terr_slope,literatura,francisco_classification_2019,"tab. 5, p. 9",decreasing,"[2.86, 5.71]"
pisciculture,soil_clay,empirico,,,increasing,"[15, 35]"
pisciculture,sit_water_dist_seas,empirico,,,decreasing,"[750, 6000]"
pisciculture,water_drain_density,empirico,,,increasing,"[0.0, 0.093]"
pisciculture,clim_twarm_q,empirico,,,range,"[22, 26, 32, 36]"
cattle,clim_pr_annual,empirico,,,range,"[700, 1000, 2000, 2600]"
cattle,clim_dry_months,empirico,,,decreasing,"[5, 9]"
cattle,clim_soil_moist,empirico,,,increasing,"[55, 120]"
cattle,terr_slope,empirico,,,decreasing,"[6, 15]"
cattle,soil_soc,empirico,,,increasing,"[8, 18]"
conservation,cv_pa_dist,empirico,,,decreasing,"[5000, 40000]"
conservation,cv_carbon,empirico,,,increasing,"[10, 20]"
conservation,cv_ruggedness,empirico,,,increasing,"[5, 30]"
conservation,terr_twi,empirico,,,increasing,"[9.44, 11.56]"
conservation,rl_native_frac,empirico,,,increasing,"[0.25, 0.85]"
conservation,clim_aridity,empirico,,,increasing,"[0.95, 1.25]"
conservation,terr_slope,empirico,,,increasing,"[2.86, 11.31]"
conservation,clim_twarm_q,empirico,,,decreasing,"[23, 31]"
conservation,water_drain_density,empirico,,,increasing,"[0.01, 0.08]"
solar,clim_srad,empirico,,,increasing,"[186, 204]"
solar,sit_clearness,empirico,,,increasing,"[0.466, 0.501]"
solar,terr_northing,empirico,,,increasing,"[-0.3, 0.5]"
solar,terr_slope,empirico,,,decreasing,"[2.86, 8.53]"
solar,access_logtt,empirico,,,decreasing,"[3.5, 5.4]"
solar,clim_twarm_q,empirico,,,decreasing,"[24, 31]"
