segment,ssp,window,delta_s
soybean,ssp245,2031_2050,-2.7023880412813e-10
soybean,ssp245,2051_2070,-0.00012072006666405204
soybean,ssp585,2031_2050,-1.4681854710331872e-05
soybean,ssp585,2051_2070,-0.0014314243328893347
sugarcane,ssp245,2031_2050,-0.0002133641442582063
sugarcane,ssp245,2051_2070,-0.0001893241217365573
sugarcane,ssp585,2031_2050,-0.0008754806689694905
sugarcane,ssp585,2051_2070,-0.0006523625554617201
other_crops,ssp245,2031_2050,-0.01169210066227264
other_crops,ssp245,2051_2070,-0.023611081048278065
other_crops,ssp585,2031_2050,-0.017445001454090864
other_crops,ssp585,2051_2070,-0.05185840421821171
pisciculture,ssp245,2031_2050,0.011676948160087592
pisciculture,ssp245,2051_2070,0.012339479092195179
pisciculture,ssp585,2031_2050,0.012196517450416914
pisciculture,ssp585,2051_2070,0.012420340294675366
cattle,ssp245,2031_2050,-3.772318978195766e-05
cattle,ssp245,2051_2070,-3.6573048625892745e-05
cattle,ssp585,2031_2050,-3.1992967857243326e-05
cattle,ssp585,2051_2070,-0.0010323521665786088
conservation,ssp245,2031_2050,-0.03263728485468374
conservation,ssp245,2051_2070,-0.03770736644154673
conservation,ssp585,2031_2050,-0.03907027291032534
conservation,ssp585,2051_2070,-0.058111207003940527
solar,ssp245,2031_2050,-0.029992929695753394
solar,ssp245,2051_2070,-0.04616052497919391
solar,ssp585,2031_2050,-0.03891193881867543
solar,ssp585,2051_2070,-0.09050572132394616
