ssp,window,segment,zone,delta_s
ssp245,2031_2050,soybean,1,0.0
ssp245,2031_2050,soybean,2,-1.92702621597155e-08
ssp245,2031_2050,soybean,3,-3.3642084989419064e-09
ssp245,2031_2050,soybean,4,0.0
ssp245,2031_2050,sugarcane,1,0.00041510820568114765
ssp245,2031_2050,sugarcane,2,-0.0009260351902808323
ssp245,2031_2050,sugarcane,3,-0.003923751516295461
ssp245,2031_2050,sugarcane,4,-0.00032108558047347455
ssp245,2031_2050,other_crops,1,-0.002953778069036047
ssp245,2031_2050,other_crops,2,-0.008152334646502696
ssp245,2031_2050,other_crops,3,-0.015112715831631205
ssp245,2031_2050,other_crops,4,-0.0017897708805441736
ssp245,2051_2070,soybean,1,-1.9644681605238504e-08
ssp245,2051_2070,soybean,2,-0.0015094083138352955
ssp245,2051_2070,soybean,3,-0.004468056747690074
ssp245,2051_2070,soybean,4,-1.0634218479899865e-06
ssp245,2051_2070,sugarcane,1,0.0004382368243771465
ssp245,2051_2070,sugarcane,2,-0.0008317669605806921
ssp245,2051_2070,sugarcane,3,-0.003585027159776668
ssp245,2051_2070,sugarcane,4,-0.00027377232580137067
ssp245,2051_2070,other_crops,1,-0.007473858028864061
ssp245,2051_2070,other_crops,2,-0.016654515951502108
ssp245,2051_2070,other_crops,3,-0.027726781862462822
ssp245,2051_2070,other_crops,4,-0.0035624383217760427
ssp585,2031_2050,soybean,1,0.0
ssp585,2031_2050,soybean,2,-0.00025941018093475504
ssp585,2031_2050,soybean,3,-0.0005222987131028519
ssp585,2031_2050,soybean,4,0.0
ssp585,2031_2050,sugarcane,1,-0.012971704148786114
ssp585,2031_2050,sugarcane,2,-0.004642904625876456
ssp585,2031_2050,sugarcane,3,-0.0069421485633069735
ssp585,2031_2050,sugarcane,4,-0.0005373117685238518
ssp585,2031_2050,other_crops,1,-0.004980811313636155
ssp585,2031_2050,other_crops,2,-0.012258012740940821
ssp585,2031_2050,other_crops,3,-0.021331705620598555
ssp585,2031_2050,other_crops,4,-0.0027064931477603195
ssp585,2051_2070,soybean,1,-8.882000351888255e-05
ssp585,2051_2070,soybean,2,-0.017871268273702966
ssp585,2051_2070,soybean,3,-0.04847017426839283
ssp585,2051_2070,soybean,4,-0.00042783118023834095
ssp585,2051_2070,sugarcane,1,0.00020367355174636667
ssp585,2051_2070,sugarcane,2,-0.005427690461480786
ssp585,2051_2070,sugarcane,3,-0.014948309271937327
ssp585,2051_2070,sugarcane,4,-0.0010817124389347042
ssp585,2051_2070,other_crops,1,-0.02085264644681782
ssp585,2051_2070,other_crops,2,-0.03585349548901053
ssp585,2051_2070,other_crops,3,-0.056296125009648944
ssp585,2051_2070,other_crops,4,-0.007020091334653461
