segment,ssp,window,present_share,future_share
soybean,ssp245,2031_2050,0.5587766473776373,0.5587766473776372
soybean,ssp245,2051_2070,0.5587766473776373,0.5586391442060357
soybean,ssp585,2031_2050,0.5587766473776373,0.5587632999689851
soybean,ssp585,2051_2070,0.5587766473776373,0.5576464369031643
sugarcane,ssp245,2031_2050,0.41732010684128246,0.41704401744731306
sugarcane,ssp245,2051_2070,0.41732010684128246,0.4170848443742013
sugarcane,ssp585,2031_2050,0.41732010684128246,0.4164697818877713
sugarcane,ssp585,2051_2070,0.41732010684128246,0.41650342185325695
other_crops,ssp245,2031_2050,0.4473613786772513,0.4099605248567003
other_crops,ssp245,2051_2070,0.4473613786772513,0.3777998943253064
other_crops,ssp585,2031_2050,0.4473613786772513,0.3933667314765154
other_crops,ssp585,2051_2070,0.4473613786772513,0.31897523305937847
pisciculture,ssp245,2031_2050,0.22275980873644985,0.24777491579607255
pisciculture,ssp245,2051_2070,0.22275980873644985,0.24914483810089874
pisciculture,ssp585,2031_2050,0.22275980873644985,0.24885354853218736
pisciculture,ssp585,2051_2070,0.22275980873644985,0.24931905464997067
cattle,ssp245,2031_2050,0.7402545940922313,0.7402533782144849
cattle,ssp245,2051_2070,0.7402545940922313,0.7402533782144846
cattle,ssp585,2031_2050,0.7402545940922313,0.7402535519113058
cattle,ssp585,2051_2070,0.7402545940922313,0.7401253663821105
conservation,ssp245,2031_2050,0.384148017023873,0.320030449399128
conservation,ssp245,2051_2070,0.384148017023873,0.3109999145609071
conservation,ssp585,2031_2050,0.384148017023873,0.3080031478973311
conservation,ssp585,2051_2070,0.384148017023873,0.27214457839927286
solar,ssp245,2031_2050,0.26939159308483573,0.19751663911107048
solar,ssp245,2051_2070,0.26939159308483573,0.16163249994548415
solar,ssp585,2031_2050,0.26939159308483573,0.17672315838731414
solar,ssp585,2051_2070,0.26939159308483573,0.11024206467247108
