segment,ssp,window,downgrade_share
soybean,ssp245,2031_2050,0.0
soybean,ssp245,2051_2070,0.0008709846577426211
soybean,ssp585,2031_2050,9.947378527662208e-05
soybean,ssp585,2051_2070,0.009727455873943809
sugarcane,ssp245,2031_2050,0.0007629002782955483
sugarcane,ssp245,2051_2070,0.0006854846269499211
sugarcane,ssp585,2031_2050,0.002683931943574761
sugarcane,ssp585,2051_2070,0.0022315150732861496
other_crops,ssp245,2031_2050,0.048452101529500115
other_crops,ssp245,2051_2070,0.09499422123618863
other_crops,ssp585,2031_2050,0.07168330954222735
other_crops,ssp585,2051_2070,0.21841759801153743
pisciculture,ssp245,2031_2050,0.0
pisciculture,ssp245,2051_2070,0.0
pisciculture,ssp585,2031_2050,0.0
pisciculture,ssp585,2051_2070,0.0
cattle,ssp245,2031_2050,0.00018184899173300407
cattle,ssp245,2051_2070,0.0001773805558688986
cattle,ssp585,2031_2050,0.00016996608568890038
cattle,ssp585,2051_2070,0.004750226600785611
conservation,ssp245,2031_2050,0.14483516885301306
conservation,ssp245,2051_2070,0.16751955162122156
conservation,ssp585,2031_2050,0.17365036715798707
conservation,ssp585,2051_2070,0.2556055189253501
solar,ssp245,2031_2050,0.11464721830831522
solar,ssp245,2051_2070,0.18315800680903338
solar,ssp585,2031_2050,0.15270402379443898
solar,ssp585,2051_2070,0.33281080597192664
