segment,factor,role,type,points,sigma_mu_available,sigma_mu_realized,mean_mu_available,frac_saturated,frac_vetoed
soybean,terr_slope,limiting,decreasing,"[4, 8]",0.3136241060024694,0.076494749959498,0.818970730115999,0.6103491528369603,0.06958095034353745
soybean,soil_clay,limiting,range,"[20, 32, 45, 62]",0.33192524913114496,0.15898987762595485,0.7292803076655492,0.44595764477262956,0.022679348643429163
soybean,clim_twarm_q,gate,range,"[18, 22, 30, 34]",0.0,0.0,1.0,1.0,0.0
soybean,soil_ph,limiting,range,"[4.5, 5.5, 6.8, 7.5]",0.13089757356725204,0.1363202804368132,0.8617878647210954,0.27929384117051886,0.0
soybean,clim_pr_annual,gate,range,"[800, 1100, 1800, 2200]",0.0,0.0,1.0,1.0,0.0
soybean,clim_aridity,gate,range,"[0.4, 0.7, 1.3, 1.6]",0.0,0.0,1.0,1.0,0.0
sugarcane,terr_slope,limiting,decreasing,"[5, 10]",0.24222197301074647,0.06600946937365598,0.8983153000311463,0.7555121966679572,0.03126610733364504
sugarcane,soil_awc,limiting,increasing,"[22.1, 33.6]",0.2682275971421857,0.27907052095845514,0.46349733247592684,0.0499687088678561,0.0470266698087887
sugarcane,soil_clay,limiting,range,"[22, 32, 52, 66]",0.38257788990508673,0.21328480409677272,0.6938255136322062,0.4976370614047103,0.08611653693219257
sugarcane,clim_twarm_q,gate,range,"[20, 23, 32, 36]",0.0,0.0,1.0,1.0,0.0
sugarcane,clim_pr_annual,gate,range,"[900, 1300, 2000, 2600]",0.013682303477400994,0.006639041904346514,0.9983118725042401,0.979410698434638,0.0
sugarcane,clim_dry_months,gate,range,"[3, 5, 5, 9]",0.014170287427557798,0.01661541234136711,0.9996005570909019,0.9992011141818037,0.0
other_crops,terr_slope,limiting,decreasing,"[4, 8]",0.3136241060024694,0.1837613095803165,0.8189707301159992,0.6103491528369601,0.06958095034353744
other_crops,soil_soc,limiting,increasing,"[6, 20]",0.2160013102659053,0.2086406101497457,0.45976504094155957,0.02785292596403331,3.4390490840472075e-05
other_crops,clim_gdd,limiting,range,"[2500, 3500, 5500, 7000]",0.07719613400405172,0.03895668448612492,0.968999439532757,0.8165129423835067,0.0
other_crops,soil_ph,limiting,range,"[4.5, 5.5, 6.8, 7.5]",0.13089757356725107,0.13975390627314704,0.8617878647210957,0.2792938411705188,0.0
other_crops,clim_pr_annual,gate,range,"[700, 1000, 1700, 2200]",0.0,0.0,1.0,1.0,0.0
other_crops,clim_pr_cv,limiting,decreasing,"[0.6, 1.3]",0.04696714242904575,0.04451290968136713,0.6939332605809199,0.0,0.0
pisciculture,terr_slope,limiting,decreasing,"[2.86, 5.71]",0.3916849685735257,0.3579277313917213,0.6318150260320545,0.3365564226490173,0.1788444198991333
pisciculture,soil_clay,limiting,increasing,"[15, 35]",0.2590998699316651,0.206537226417866,0.7562495504312214,0.37108391561295073,4.2988113550590094e-06
pisciculture,sit_water_dist_seas,limiting,decreasing,"[750, 6000]",0.3634094356503512,0.3658070782427327,0.45398338139770544,0.06192343700439986,0.2589816072846303
pisciculture,water_drain_density,limiting,increasing,"[0.0, 0.093]",0.3570157507742367,0.3784944324371879,0.19299911768080896,0.10000653249181353,0.6856134384904364
pisciculture,clim_twarm_q,limiting,range,"[22, 26, 32, 36]",0.21224273564245194,0.21651526769434407,0.7776665373576979,0.2821647379800675,0.0
cattle,clim_pr_annual,gate,range,"[700, 1000, 2000, 2600]",0.0,0.0,1.0,1.0,0.0
cattle,clim_dry_months,gate,decreasing,"[5, 9]",0.0,0.0,1.0,1.0,0.0
cattle,clim_soil_moist,limiting,increasing,"[55, 120]",0.2835060061918105,0.26835719409547476,0.5770442196631882,0.05495609196163817,0.07486429485796806
cattle,terr_slope,limiting,decreasing,"[6, 15]",0.1374320353235237,0.1279783581126238,0.9581535552973649,0.8427819379214351,0.0037528027550763152
cattle,soil_soc,limiting,increasing,"[8, 18]",0.2835817377346239,0.26998876828528495,0.4351817310165969,0.063423314085841,0.00037047324838735996
conservation,cv_pa_dist,limiting,decreasing,"[5000, 40000]",0.35478640115766574,0.38840835470959595,0.45295769193321883,0.09440317173971552,0.21514496273655945
conservation,cv_carbon,limiting,increasing,"[10, 20]",0.2957796463512666,0.28474475163256857,0.4077907005853644,0.041936271032832484,0.08937610320089573
conservation,cv_ruggedness,limiting,increasing,"[5, 30]",0.2825424345374736,0.373482387274067,0.3374648809015466,0.05593380790411282,0.11193179437941037
conservation,terr_twi,limiting,increasing,"[9.44, 11.56]",0.31232881917819005,0.36381012262705364,0.45126324761192743,0.10356540031573434,0.0986171599878049
conservation,rl_native_frac,limiting,increasing,"[0.25, 0.85]",0.19518176142584906,0.32339151656515863,0.08561073310864692,0.013969839105990986,0.7071299830163645
conservation,clim_aridity,limiting,increasing,"[0.95, 1.25]",0.2174389480662301,0.23576244636581065,0.6159113252661383,0.010526229724725857,0.039626145914963155
conservation,terr_slope,limiting,increasing,"[2.86, 11.31]",0.23445901506872963,0.38052128396600005,0.17044880492247982,0.01840512288965745,0.33808991456596477
conservation,clim_twarm_q,limiting,decreasing,"[23, 31]",0.15088004138582697,0.15465330105373262,0.703116463497114,0.0,0.0
conservation,water_drain_density,limiting,increasing,"[0.01, 0.08]",0.3708623575740677,0.38623241014730797,0.1950854368865685,0.1339845595494789,0.7427092038932304
solar,clim_srad,limiting,increasing,"[186, 204]",0.2965564406145516,,0.4394270552332151,0.06254291952484259,0.09797390762618269
solar,sit_clearness,limiting,increasing,"[0.466, 0.501]",0.301568660490155,,0.43493439298467373,0.06918979316276537,0.12152080118188371
solar,terr_northing,limiting,increasing,"[-0.3, 0.5]",0.3051223250386907,,0.4405268078532836,0.047044679631007794,0.12682300984686748
solar,terr_slope,limiting,decreasing,"[2.86, 8.53]",0.3006694075168222,,0.7625816936424592,0.337363501476301,0.05625490305655716
solar,access_logtt,limiting,decreasing,"[3.5, 5.4]",0.3034251551364842,,0.48242043716049376,0.0963610648989997,0.0484030501932227
solar,clim_twarm_q,limiting,decreasing,"[24, 31]",0.16248485766570564,,0.7965635151084526,0.14338543058772288,0.0
