segment,factor,weight,variance_share
soybean,terr_slope,0.374,0.824
soybean,soil_clay,0.242,0.167
soybean,clim_twarm_q,0.0,0.0
soybean,soil_ph,0.384,0.009
soybean,clim_pr_annual,0.0,0.0
soybean,clim_aridity,0.0,0.0
sugarcane,terr_slope,0.302,0.093
sugarcane,soil_awc,0.318,0.271
sugarcane,soil_clay,0.38,0.637
sugarcane,clim_twarm_q,0.0,0.0
sugarcane,clim_pr_annual,0.0,0.0
sugarcane,clim_dry_months,0.0,-0.0
other_crops,terr_slope,0.122,0.315
other_crops,soil_soc,0.538,0.672
other_crops,clim_gdd,0.137,0.012
other_crops,soil_ph,0.165,-0.001
other_crops,clim_pr_annual,0.0,0.0
other_crops,clim_pr_cv,0.038,0.002
pisciculture,terr_slope,0.11,0.064
pisciculture,soil_clay,0.14,-0.002
pisciculture,sit_water_dist_seas,0.481,0.913
pisciculture,water_drain_density,0.052,0.019
pisciculture,clim_twarm_q,0.216,0.006
cattle,clim_pr_annual,0.0,0.0
cattle,clim_dry_months,0.0,0.0
cattle,clim_soil_moist,0.697,0.971
cattle,terr_slope,0.172,0.02
cattle,soil_soc,0.131,0.009
conservation,cv_pa_dist,0.352,0.676
conservation,cv_carbon,0.173,0.099
conservation,cv_ruggedness,0.17,0.148
conservation,terr_twi,0.071,-0.012
conservation,rl_native_frac,0.069,0.081
conservation,clim_aridity,0.059,-0.019
conservation,terr_slope,0.024,0.02
conservation,clim_twarm_q,0.049,0.002
conservation,water_drain_density,0.032,0.005
solar,clim_srad,0.4,0.695
solar,sit_clearness,0.143,0.262
solar,terr_northing,0.056,0.025
solar,terr_slope,0.082,0.002
solar,access_logtt,0.143,0.024
solar,clim_twarm_q,0.175,-0.007
