half,segment,factor,lambda,weight
calib,soybean,terr_slope,0.0,0.2133
calib,soybean,soil_clay,0.0,0.0971
calib,soybean,soil_ph,0.0,0.2705
calib,soybean,clim_pr_annual,0.0,0.2515
calib,soybean,clim_twarm_q,0.0,0.0838
calib,soybean,clim_aridity,0.0,0.0838
calib,soybean,terr_slope,0.25,0.3714
calib,soybean,soil_clay,0.25,0.1665
calib,soybean,soil_ph,0.25,0.3709
calib,soybean,clim_pr_annual,0.25,0.0
calib,soybean,clim_twarm_q,0.25,0.0912
calib,soybean,clim_aridity,0.25,0.0
calib,soybean,terr_slope,0.5,0.42
calib,soybean,soil_clay,0.5,0.1853
calib,soybean,soil_ph,0.5,0.3302
calib,soybean,clim_pr_annual,0.5,0.0
calib,soybean,clim_twarm_q,0.5,0.0645
calib,soybean,clim_aridity,0.5,0.0
calib,soybean,terr_slope,0.75,0.4652
calib,soybean,soil_clay,0.75,0.2022
calib,soybean,soil_ph,0.75,0.2879
calib,soybean,clim_pr_annual,0.75,0.0
calib,soybean,clim_twarm_q,0.75,0.0447
calib,soybean,clim_aridity,0.75,0.0
calib,soybean,terr_slope,1.0,0.5063
calib,soybean,soil_clay,1.0,0.2166
calib,soybean,soil_ph,1.0,0.2467
calib,soybean,clim_pr_annual,1.0,0.0
calib,soybean,clim_twarm_q,1.0,0.0304
calib,soybean,clim_aridity,1.0,0.0
calib,sugarcane,terr_slope,0.0,0.2169
calib,sugarcane,soil_awc,0.0,0.2169
calib,sugarcane,soil_clay,0.0,0.1332
calib,sugarcane,clim_pr_annual,0.0,0.2598
calib,sugarcane,clim_dry_months,0.0,0.0866
calib,sugarcane,clim_twarm_q,0.0,0.0866
calib,sugarcane,terr_slope,0.25,0.2676
calib,sugarcane,soil_awc,0.25,0.2745
calib,sugarcane,soil_clay,0.25,0.1796
calib,sugarcane,clim_pr_annual,0.25,0.208
calib,sugarcane,clim_dry_months,0.25,0.0703
calib,sugarcane,clim_twarm_q,0.25,0.0
calib,sugarcane,terr_slope,0.5,0.2887
calib,sugarcane,soil_awc,0.5,0.3039
calib,sugarcane,soil_clay,0.5,0.2118
calib,sugarcane,clim_pr_annual,0.5,0.1457
calib,sugarcane,clim_dry_months,0.5,0.0499
calib,sugarcane,clim_twarm_q,0.5,0.0
calib,sugarcane,terr_slope,0.75,0.3009
calib,sugarcane,soil_awc,0.75,0.3251
calib,sugarcane,soil_clay,0.75,0.2412
calib,sugarcane,clim_pr_annual,0.75,0.0986
calib,sugarcane,clim_dry_months,0.75,0.0342
calib,sugarcane,clim_twarm_q,0.75,0.0
calib,sugarcane,terr_slope,1.0,0.3057
calib,sugarcane,soil_awc,1.0,0.3387
calib,sugarcane,soil_clay,1.0,0.2677
calib,sugarcane,clim_pr_annual,1.0,0.065
calib,sugarcane,clim_dry_months,1.0,0.0229
calib,sugarcane,clim_twarm_q,1.0,0.0
calib,other_crops,terr_slope,0.0,0.0738
calib,other_crops,soil_soc,0.0,0.3999
calib,other_crops,clim_gdd,0.0,0.1638
calib,other_crops,soil_ph,0.0,0.1527
calib,other_crops,clim_pr_cv,0.0,0.0571
calib,other_crops,clim_pr_annual,0.0,0.1527
calib,other_crops,terr_slope,0.25,0.0992
calib,other_crops,soil_soc,0.25,0.4785
calib,other_crops,clim_gdd,0.25,0.2103
calib,other_crops,soil_ph,0.25,0.1616
calib,other_crops,clim_pr_cv,0.25,0.0504
calib,other_crops,clim_pr_annual,0.25,0.0
calib,other_crops,terr_slope,0.5,0.1119
calib,other_crops,soil_soc,0.5,0.4808
calib,other_crops,clim_gdd,0.5,0.2265
calib,other_crops,soil_ph,0.5,0.1435
calib,other_crops,clim_pr_cv,0.5,0.0373
calib,other_crops,clim_pr_annual,0.5,0.0
calib,other_crops,terr_slope,0.75,0.1252
calib,other_crops,soil_soc,0.75,0.479
calib,other_crops,clim_gdd,0.75,0.242
calib,other_crops,soil_ph,0.75,0.1264
calib,other_crops,clim_pr_cv,0.75,0.0274
calib,other_crops,clim_pr_annual,0.75,0.0
calib,other_crops,terr_slope,1.0,0.1391
calib,other_crops,soil_soc,1.0,0.4737
calib,other_crops,clim_gdd,1.0,0.2567
calib,other_crops,soil_ph,1.0,0.1105
calib,other_crops,clim_pr_cv,1.0,0.02
calib,other_crops,clim_pr_annual,1.0,0.0
calib,pisciculture,terr_slope,0.0,0.0974
calib,pisciculture,soil_clay,0.0,0.1517
calib,pisciculture,sit_water_dist_seas,0.0,0.4423
calib,pisciculture,water_drain_density,0.0,0.0486
calib,pisciculture,clim_twarm_q,0.0,0.26
calib,pisciculture,terr_slope,0.25,0.1051
calib,pisciculture,soil_clay,0.25,0.1442
calib,pisciculture,sit_water_dist_seas,0.25,0.4686
calib,pisciculture,water_drain_density,0.25,0.0514
calib,pisciculture,clim_twarm_q,0.25,0.2307
calib,pisciculture,terr_slope,0.5,0.1127
calib,pisciculture,soil_clay,0.5,0.1362
calib,pisciculture,sit_water_dist_seas,0.5,0.4936
calib,pisciculture,water_drain_density,0.5,0.0541
calib,pisciculture,clim_twarm_q,0.5,0.2034
calib,pisciculture,terr_slope,0.75,0.1202
calib,pisciculture,soil_clay,0.75,0.128
calib,pisciculture,sit_water_dist_seas,0.75,0.5168
calib,pisciculture,water_drain_density,0.75,0.0566
calib,pisciculture,clim_twarm_q,0.75,0.1784
calib,pisciculture,terr_slope,1.0,0.1275
calib,pisciculture,soil_clay,1.0,0.1196
calib,pisciculture,sit_water_dist_seas,1.0,0.5384
calib,pisciculture,water_drain_density,1.0,0.0589
calib,pisciculture,clim_twarm_q,1.0,0.1556
calib,cattle,clim_soil_moist,0.0,0.3423
calib,cattle,terr_slope,0.0,0.1179
calib,cattle,soil_soc,0.0,0.0569
calib,cattle,clim_pr_annual,0.0,0.3537
calib,cattle,clim_dry_months,0.0,0.1292
calib,cattle,clim_soil_moist,0.25,0.5973
calib,cattle,terr_slope,0.25,0.1683
calib,cattle,soil_soc,0.25,0.0963
calib,cattle,clim_pr_annual,0.25,0.0
calib,cattle,clim_dry_months,0.25,0.1381
calib,cattle,clim_soil_moist,0.5,0.6542
calib,cattle,terr_slope,0.5,0.1507
calib,cattle,soil_soc,0.5,0.1024
calib,cattle,clim_pr_annual,0.5,0.0
calib,cattle,clim_dry_months,0.5,0.0927
calib,cattle,clim_soil_moist,0.75,0.7008
calib,cattle,terr_slope,0.75,0.132
calib,cattle,soil_soc,0.75,0.1064
calib,cattle,clim_pr_annual,0.75,0.0
calib,cattle,clim_dry_months,0.75,0.0608
calib,cattle,clim_soil_moist,1.0,0.7382
calib,cattle,terr_slope,1.0,0.1138
calib,cattle,soil_soc,1.0,0.1088
calib,cattle,clim_pr_annual,1.0,0.0
calib,cattle,clim_dry_months,1.0,0.0392
calib,conservation,cv_pa_dist,0.0,0.3164
calib,conservation,cv_carbon,0.0,0.1706
calib,conservation,cv_ruggedness,0.0,0.1706
calib,conservation,terr_twi,0.0,0.0678
calib,conservation,rl_native_frac,0.0,0.0838
calib,conservation,clim_aridity,0.0,0.0678
calib,conservation,terr_slope,0.0,0.0267
calib,conservation,clim_twarm_q,0.0,0.0678
calib,conservation,water_drain_density,0.0,0.0285
calib,conservation,cv_pa_dist,0.25,0.33
calib,conservation,cv_carbon,0.25,0.1708
calib,conservation,cv_ruggedness,0.25,0.1684
calib,conservation,terr_twi,0.25,0.0689
calib,conservation,rl_native_frac,0.25,0.0732
calib,conservation,clim_aridity,0.25,0.0666
calib,conservation,terr_slope,0.25,0.0254
calib,conservation,clim_twarm_q,0.25,0.0664
calib,conservation,water_drain_density,0.25,0.0303
calib,conservation,cv_pa_dist,0.5,0.3436
calib,conservation,cv_carbon,0.5,0.1706
calib,conservation,cv_ruggedness,0.5,0.1658
calib,conservation,terr_twi,0.5,0.0699
calib,conservation,rl_native_frac,0.5,0.0638
calib,conservation,clim_aridity,0.5,0.0653
calib,conservation,terr_slope,0.5,0.024
calib,conservation,clim_twarm_q,0.5,0.0648
calib,conservation,water_drain_density,0.5,0.0322
calib,conservation,cv_pa_dist,0.75,0.3569
calib,conservation,cv_carbon,0.75,0.17
calib,conservation,cv_ruggedness,0.75,0.163
calib,conservation,terr_twi,0.75,0.0708
calib,conservation,rl_native_frac,0.75,0.0555
calib,conservation,clim_aridity,0.75,0.0638
calib,conservation,terr_slope,0.75,0.0227
calib,conservation,clim_twarm_q,0.75,0.0632
calib,conservation,water_drain_density,0.75,0.0341
calib,conservation,cv_pa_dist,1.0,0.3699
calib,conservation,cv_carbon,1.0,0.1691
calib,conservation,cv_ruggedness,1.0,0.1599
calib,conservation,terr_twi,1.0,0.0716
calib,conservation,rl_native_frac,1.0,0.0482
calib,conservation,clim_aridity,1.0,0.0623
calib,conservation,terr_slope,1.0,0.0214
calib,conservation,clim_twarm_q,1.0,0.0615
calib,conservation,water_drain_density,1.0,0.0361
calib,solar,clim_srad,0.0,0.436
calib,solar,sit_clearness,0.0,0.1573
calib,solar,terr_northing,0.0,0.0628
calib,solar,terr_slope,0.0,0.092
calib,solar,clim_twarm_q,0.0,0.2519
calib,solar,clim_srad,0.25,0.4361
calib,solar,sit_clearness,0.25,0.1572
calib,solar,terr_northing,0.25,0.063
calib,solar,terr_slope,0.25,0.0921
calib,solar,clim_twarm_q,0.25,0.2516
calib,solar,clim_srad,0.5,0.4361
calib,solar,sit_clearness,0.5,0.1571
calib,solar,terr_northing,0.5,0.0633
calib,solar,terr_slope,0.5,0.0923
calib,solar,clim_twarm_q,0.5,0.2512
calib,solar,clim_srad,0.75,0.4363
calib,solar,sit_clearness,0.75,0.157
calib,solar,terr_northing,0.75,0.0635
calib,solar,terr_slope,0.75,0.0924
calib,solar,clim_twarm_q,0.75,0.2508
calib,solar,clim_srad,1.0,0.4364
calib,solar,sit_clearness,1.0,0.1569
calib,solar,terr_northing,1.0,0.0637
calib,solar,terr_slope,1.0,0.0925
calib,solar,clim_twarm_q,1.0,0.2505
