segment,half,lambda,n,presences,auc
soybean,val,0.0,2662,483,0.6616
soybean,val,0.25,2662,483,0.6749
soybean,val,0.5,2662,483,0.6864
soybean,val,0.75,2662,483,0.6965
soybean,val,1.0,2662,483,0.7054
sugarcane,val,0.0,2662,52,0.8851
sugarcane,val,0.25,2662,52,0.8853
sugarcane,val,0.5,2662,52,0.8854
sugarcane,val,0.75,2662,52,0.8854
sugarcane,val,1.0,2662,52,0.8854
cattle,val,0.0,2662,1969,0.5571
cattle,val,0.25,2662,1969,0.5593
cattle,val,0.5,2662,1969,0.5616
cattle,val,0.75,2662,1969,0.564
cattle,val,1.0,2662,1969,0.5666
