segment,factor,d_full,d_calib,d_val,ratio,w_lit,w_full,w_calib,delta_w,verdict
soybean,terr_slope,0.3136241060024695,0.3186052232066542,0.3079029405734056,1.0158824436924676,0.2133,0.4028357198962649,0.4199792398628392,0.017143519966574317,OK
soybean,soil_clay,0.3319252491311446,0.299428040622454,0.3606447489132333,0.902094798169901,0.0971,0.188656500501829,0.1853429137256959,-0.0033135867761331095,OK
soybean,soil_ph,0.1308975735672513,0.1223633341414714,0.1349467171579171,0.9348021571889928,0.2706,0.3301611660421989,0.3301900373243976,2.8871282198694725e-05,OK
soybean,clim_pr_annual,0.0,0.0,0.0,,0.2515,0.0,0.0,0.0,OK
soybean,clim_twarm_q,0.0768577422719057,0.0486682985497199,0.0976698933765469,0.6332257116991834,0.0838,0.07834661355970718,0.06448780908706729,-0.013858804472639888,OK
soybean,clim_aridity,0.0,0.0,0.0,,0.0838,0.0,0.0,0.0,OK
sugarcane,terr_slope,0.2422219730107465,0.2477584067450922,0.2358242414218763,1.0228568600343293,0.2169,0.2891238685699159,0.2887146486323184,-0.00040921993759751585,OK
sugarcane,soil_awc,0.2682275971421856,0.27454736489459,0.2607627008201608,1.0235612137592776,0.2169,0.3042488232174354,0.30392278448688226,-0.00032603873055314647,OK
sugarcane,soil_clay,0.382577889905087,0.3533959048724056,0.4093065406555561,0.9237227612920309,0.1332,0.22314223781613574,0.21175323251775025,-0.01138900529838549,OK
sugarcane,clim_pr_annual,0.0376903784429348,0.0439770213766912,0.0289845201241914,1.1667970233643237,0.2598,0.13660670665197489,0.14569582926509902,0.00908912261312414,OK
sugarcane,clim_dry_months,0.0399460511616445,0.046452620426295,0.0309749792718162,1.162883916568404,0.0866,0.04687836374453813,0.04991350509795015,0.00303514135341202,OK
sugarcane,clim_twarm_q,0.0,0.0,0.0,,0.0866,0.0,0.0,0.0,OK
other_crops,terr_slope,0.3136241060024692,0.3186052232066547,0.3079029405734056,1.01588244369247,0.0738,0.10785074251151902,0.11190326747959481,0.004052524968075788,OK
other_crops,soil_soc,0.2160013102659052,0.200281833577065,0.2313872279688752,0.9272250864150363,0.3999,0.4849999081258143,0.48076422565866067,-0.004235682467153612,OK
other_crops,clim_gdd,0.2809597611622226,0.2650141821459833,0.2973405786134773,0.9432460401080975,0.1638,0.22656771221001323,0.22652097147940484,-4.6740730608396674e-05,OK
other_crops,soil_ph,0.1308975735672518,0.1223633341414699,0.1349467171579158,0.9348021571889779,0.1527,0.14416734301487408,0.1434909954106963,-0.0006763476041777849,OK
other_crops,clim_pr_cv,0.059723803312333,0.0591975455565038,0.0603012915646182,0.9911884755048658,0.0571,0.03641429413777934,0.03732053997164347,0.0009062458338641236,OK
other_crops,clim_pr_annual,0.0,0.0,0.0,,0.1527,0.0,0.0,0.0,OK
pisciculture,terr_slope,0.3916849685735255,0.3913418786515949,0.3918863088005033,0.999124066662093,0.0974,0.11160072225258898,0.11271848815830227,0.0011177659057132888,OK
pisciculture,soil_clay,0.259099869931666,0.2356959523865352,0.2812527357360376,0.909672214226494,0.1517,0.1413704934936744,0.13624471930838747,-0.005125774185286924,OK
pisciculture,sit_water_dist_seas,0.3634094356503515,0.3638288206841529,0.3619377734159968,1.0011540290170255,0.4423,0.4881515074107344,0.4935413267430836,0.005389819332349222,OK
pisciculture,water_drain_density,0.3570157507742367,0.3619568997585035,0.3512903647731384,1.0138401428327777,0.0486,0.053164233081481625,0.05409071654630642,0.0009264834648247955,OK
pisciculture,clim_twarm_q,0.1867659807596793,0.1788378379759989,0.1946308990053105,0.9575503913965899,0.26,0.2057130437615206,0.20340474924392035,-0.0023082945176002567,OK
cattle,clim_soil_moist,0.274666377079756,0.3153799509038363,0.2180099630355807,1.1482291871940997,0.3423,0.6415728655093841,0.6542206791636855,0.012647813654301454,OK
cattle,terr_slope,0.1374320353235241,0.1410907750602625,0.1332040126200514,1.0266221753037819,0.1179,0.1563126526908986,0.1507174169788238,-0.00559523571207482,OK
cattle,soil_soc,0.2987030067120922,0.2795532707117072,0.3176996856114416,0.9358903808462743,0.0569,0.11121628972991217,0.10238701532095013,-0.008829274408962043,OK
cattle,clim_pr_annual,0.0,0.0,0.0,,0.3537,0.0,0.0,0.0,OK
cattle,clim_dry_months,0.0387001622034905,0.0444220362109099,0.0309749792718162,1.147851421845031,0.1292,0.09089819206980514,0.09267488853654056,0.0017766964667354224,OK
conservation,cv_pa_dist,0.3547864011576656,0.3466124448271618,0.3636540646110469,0.9769609085809596,0.3164,0.34331642253871003,0.34353882900459626,0.0002224064658862268,OK
conservation,cv_carbon,0.2957796463512664,0.2938576373537478,0.2926643399876311,0.9935018889189013,0.1706,0.1690198805770924,0.17055513457624577,0.0015352539991533576,OK
conservation,cv_ruggedness,0.2825424345374737,0.2777916815402292,0.2876329497054548,0.9831857009195042,0.1706,0.16519446406770252,0.16582726024437533,0.0006327961766728063,OK
conservation,terr_twi,0.3123264661292996,0.3128532433890409,0.3116377967787022,1.0016866238275282,0.0678,0.06902536447764075,0.06993865966712394,0.0009132951894831876,OK
conservation,rl_native_frac,0.195181761425849,0.1703590177127052,0.2185698795065354,0.8728224218707333,0.0838,0.06744321365290822,0.06378871633054492,-0.0036544973223632954,OK
conservation,clim_aridity,0.2843929217500138,0.2725074480068571,0.2963375732207989,0.9582075613203755,0.0678,0.06586636650520208,0.06527338909475588,-0.0005929774104461993,OK
conservation,terr_slope,0.2344590150687296,0.237919884805778,0.2304274098411702,1.0147610862223997,0.0267,0.02355154218194764,0.024018391090483326,0.00046684890853568653,OK
conservation,clim_twarm_q,0.2766656037808169,0.2689061672268221,0.2850319276143712,0.9719537360338365,0.0678,0.06496536749140548,0.06484064935957416,-0.00012471813183131952,OK
conservation,water_drain_density,0.3708623575740677,0.3757500450115509,0.365205490822068,1.0131792492218816,0.0285,0.03161737850739081,0.03221897063230043,0.0006015921249096154,OK
solar,clim_srad,0.2965564406145516,0.3024696443688476,0.2887498111072094,1.0199395559983189,0.4359,0.4321682622021337,0.43621012535486753,0.0040418631527338045,OK
solar,sit_clearness,0.3015686604901549,0.3012201939535227,0.2993944882491028,0.9988444869036927,0.1573,0.157265748616723,0.15708645533032342,-0.00017929328639956776,OK
solar,terr_northing,0.3051223250386905,0.3064002835010995,0.3036555426304521,1.004188347942901,0.0628,0.06315517701995543,0.06325169972160494,9.652270164950405e-05,OK
solar,terr_slope,0.3006694075168219,0.3037235540123063,0.297081657483046,1.010157822575659,0.092,0.09184272666446079,0.09225608891740132,0.0004133622529405301,OK
solar,clim_twarm_q,0.3105505217129481,0.3003529322434771,0.3215016541809316,0.9671628647950011,0.2519,0.255568085496727,0.25119563067580275,-0.004372454820924243,OK
