k,inertia,silhouette,davies_bouldin,gap,s_k,ari,ari_std
2,92831.50396392478,0.19268848552787154,1.944549768664793,2.1510520543678826,0.0010351034806993474,0.9748594621043468,0.014076667370421531
3,79955.9596272177,0.17778298301383474,1.7273775130187936,2.2100099970261926,0.0024997372168828317,0.9848206770804009,0.006444668042049107
4,72042.02772706693,0.19672864355094172,1.6066769982306262,2.2358312892188934,0.001531977450044209,0.9873152795543062,0.00368939694276646
5,66021.45024834336,0.18221483856344126,1.5018249180274565,2.263931918843971,0.0017006077050171773,0.8623720695682074,0.12898454934391423
6,60174.09014637565,0.201032957440285,1.451050753746345,2.308784051830221,0.002023963406807378,0.8734198562768606,0.15811562289908446
7,56062.92170949044,0.19855672565928997,1.5508986208396787,2.3325809809091194,0.002609602877228082,0.9087509706006355,0.10868363962400764
8,52733.18383299136,0.19266326555043706,1.4933623806302394,2.3415958553870144,0.0021990770820994416,0.9794898356589916,0.005329435383671453
9,49924.49917307245,0.18906481294384758,1.4906181254126252,2.369618568159872,0.00270069071584401,0.9832006279523625,0.004535933888640734
10,48162.24070400672,0.18875437440312426,1.499856197554386,2.3806701999875166,0.001784525099348961,0.9268244428550265,0.07779242158508785
11,46576.82852345812,0.18936520794605327,1.4858061998829,2.3871063817204945,0.002470228348303504,0.8753654451348734,0.07839197628006606
12,45179.57185465633,0.18258357318958857,1.4997003944906249,2.389958571676562,0.0014677599119854205,0.8378324992823953,0.07374116744134698
13,43894.27638395996,0.17674279310463142,1.4843805623910606,2.398677606053866,0.0019213198601184503,0.8192543617158241,0.07099375329719622
14,42763.001020383184,0.18330796559754586,1.5008024289936974,2.4025165247153826,0.003019733755003708,0.8038392272057744,0.08612806500652036
15,41788.49898484506,0.17220198491542152,1.5481490752301592,2.4009629983087475,0.002699988547760881,0.7924759353204196,0.068646053517875
16,40932.84813262329,0.17258562140484235,1.4743921720446418,2.3990159075850404,0.0025572726513403182,0.8044480959332136,0.07395088477444511
17,39963.22409578949,0.1664793441427869,1.551267377808232,2.4080215619428404,0.0010249928013489015,0.794030085551298,0.06303012864781875
18,39109.48538253324,0.1703501735823209,1.6008309976701958,2.410252393443546,0.002028305677300217,0.8129351200460271,0.05827392715417296
19,38426.89054396095,0.17244412144516014,1.5636943762407842,2.4178175269490456,0.0023687171054885678,0.777098267090937,0.05916767843565281
20,37684.90247184752,0.1724008434656452,1.5435070268585638,2.4240677529234222,0.0018909778758579056,0.7538052737467159,0.0632734280371468
